time,Displacement,Force
         0.0000,  -5.999808,   -0.003,
         0.0500,  -5.999074,   -0.003,
         0.1000,  -5.996345,   -0.003,
         0.1500,  -5.992421,   -0.003,
         0.2000,  -5.988290,   -0.002,
         0.2500,  -5.984147,   -0.002,
         0.3000,  -5.979977,   -0.002,
         0.3500,  -5.975793,   -0.001,
         0.4000,  -5.971611,   -0.001,
         0.4500,  -5.967441,   -0.001,
         0.5000,  -5.963284,   -0.001,
         0.5500,  -5.959090,   -0.001,
         0.6000,  -5.954951,    0.000,
         0.6500,  -5.950781,    0.000,
         0.7000,  -5.946598,    0.000,
         0.7500,  -5.942459,    0.000,
         0.8000,  -5.938254,    0.000,
         0.8500,  -5.933925,    0.000,
         0.9000,  -5.929748,    0.001,
         0.9500,  -5.925579,    0.001,
         1.0000,  -5.921414,    0.001,
         1.0500,  -5.917234,    0.001,
         1.1000,  -5.913091,    0.001,
         1.1500,  -5.908909,    0.002,
         1.2000,  -5.904743,    0.002,
         1.2500,  -5.900606,    0.002,
         1.3000,  -5.896425,    0.003,
         1.3500,  -5.892285,    0.003,
         1.4000,  -5.888103,    0.003,
         1.4500,  -5.883921,    0.004,
         1.5000,  -5.879760,    0.004,
         1.5500,  -5.875497,    0.005,
         1.6000,  -5.871275,    0.005,
         1.6500,  -5.867111,    0.005,
         1.7000,  -5.862937,    0.005,
         1.7500,  -5.858784,    0.005,
         1.8000,  -5.854632,    0.006,
         1.8500,  -5.850445,    0.006,
         1.9000,  -5.846294,    0.007,
         1.9500,  -5.842115,    0.007,
         2.0000,  -5.837963,    0.007,
         2.0500,  -5.833813,    0.007,
         2.1000,  -5.829647,    0.007,
         2.1500,  -5.825491,    0.007,
         2.2000,  -5.821328,    0.007,
         2.2500,  -5.817179,    0.008,
         2.3000,  -5.812850,    0.008,
         2.3500,  -5.808651,    0.009,
         2.4000,  -5.804497,    0.009,
         2.4500,  -5.800317,    0.009,
         2.5000,  -5.796216,    0.009,
         2.5500,  -5.792008,    0.009,
         2.6000,  -5.787871,    0.009,
         2.6500,  -5.783713,    0.010,
         2.7000,  -5.779557,    0.010,
         2.7500,  -5.775401,    0.010,
         2.8000,  -5.771251,    0.011,
         2.8500,  -5.767057,    0.011,
         2.9000,  -5.762895,    0.011,
         2.9500,  -5.758751,    0.012,
         3.0000,  -5.754448,    0.012,
         3.0500,  -5.750228,    0.012,
         3.1000,  -5.746106,    0.012,
         3.1500,  -5.741927,    0.012,
         3.2000,  -5.737826,    0.013,
         3.2500,  -5.733625,    0.013,
         3.3000,  -5.729455,    0.013,
         3.3500,  -5.725301,    0.014,
         3.4000,  -5.721175,    0.014,
         3.4500,  -5.716974,    0.014,
         3.5000,  -5.712849,    0.014,
         3.5500,  -5.708652,    0.014,
         3.6000,  -5.704584,    0.015,
         3.6500,  -5.700340,    0.015,
         3.7000,  -5.696144,    0.016,
         3.7500,  -5.691846,    0.016,
         3.8000,  -5.687699,    0.016,
         3.8500,  -5.683534,    0.016,
         3.9000,  -5.679379,    0.017,
         3.9500,  -5.675307,    0.017,
         4.0000,  -5.671067,    0.018,
         4.0500,  -5.666911,    0.018,
         4.1000,  -5.662772,    0.018,
         4.1500,  -5.658625,    0.018,
         4.2000,  -5.654456,    0.018,
         4.2500,  -5.650349,    0.018,
         4.3000,  -5.646141,    0.019,
         4.3500,  -5.641973,    0.019,
         4.4000,  -5.637643,    0.020,
         4.4500,  -5.633511,    0.020,
         4.5000,  -5.629313,    0.020,
         4.5500,  -5.625189,    0.020,
         4.6000,  -5.620983,    0.020,
         4.6500,  -5.616906,    0.020,
         4.7000,  -5.612711,    0.021,
         4.7500,  -5.608563,    0.021,
         4.8000,  -5.604390,    0.022,
         4.8500,  -5.600247,    0.022,
         4.9000,  -5.596089,    0.022,
         4.9500,  -5.591897,    0.022,
         5.0000,  -5.587781,    0.022,
         5.0500,  -5.583568,    0.023,
         5.1000,  -5.579262,    0.023,
         5.1500,  -5.575121,    0.024,
         5.2000,  -5.570970,    0.024,
         5.2500,  -5.566816,    0.024,
         5.3000,  -5.562646,    0.024,
         5.3500,  -5.558476,    0.024,
         5.4000,  -5.554366,    0.025,
         5.4500,  -5.550149,    0.025,
         5.5000,  -5.546039,    0.026,
         5.5500,  -5.541886,    0.026,
         5.6000,  -5.537738,    0.026,
         5.6500,  -5.533531,    0.026,
         5.7000,  -5.529399,    0.026,
         5.7500,  -5.525095,    0.027,
         5.8000,  -5.520877,    0.027,
         5.8500,  -5.516757,    0.028,
         5.9000,  -5.512571,    0.028,
         5.9500,  -5.508420,    0.028,
         6.0000,  -5.504280,    0.028,
         6.0500,  -5.500151,    0.028,
         6.1000,  -5.495959,    0.029,
         6.1500,  -5.491819,    0.030,
         6.2000,  -5.487679,    0.030,
         6.2500,  -5.483521,    0.030,
         6.3000,  -5.479309,    0.030,
         6.3500,  -5.475182,    0.030,
         6.4000,  -5.470865,    0.031,
         6.4500,  -5.466690,    0.031,
         6.5000,  -5.462531,    0.031,
         6.5500,  -5.458372,    0.032,
         6.6000,  -5.454236,    0.032,
         6.6500,  -5.450074,    0.033,
         6.7000,  -5.445902,    0.033,
         6.7500,  -5.441766,    0.033,
         6.8000,  -5.437592,    0.033,
         6.8500,  -5.433415,    0.034,
         6.9000,  -5.429301,    0.034,
         6.9500,  -5.425110,    0.035,
         7.0000,  -5.420965,    0.035,
         7.0500,  -5.416691,    0.035,
         7.1000,  -5.412468,    0.035,
         7.1500,  -5.408314,    0.035,
         7.2000,  -5.404185,    0.036,
         7.2500,  -5.400017,    0.036,
         7.3000,  -5.395842,    0.037,
         7.3500,  -5.391690,    0.037,
         7.4000,  -5.387542,    0.037,
         7.4500,  -5.383368,    0.037,
         7.5000,  -5.379231,    0.037,
         7.5500,  -5.375095,    0.037,
         7.6000,  -5.370942,    0.038,
         7.6500,  -5.366758,    0.038,
         7.7000,  -5.362435,    0.039,
         7.7500,  -5.358278,    0.039,
         7.8000,  -5.354088,    0.039,
         7.8500,  -5.349936,    0.039,
         7.9000,  -5.345812,    0.040,
         7.9500,  -5.341632,    0.040,
         8.0000,  -5.337467,    0.041,
         8.0500,  -5.333372,    0.041,
         8.1000,  -5.329188,    0.041,
         8.1500,  -5.325022,    0.041,
         8.2000,  -5.320878,    0.042,
         8.2500,  -5.316726,    0.043,
         8.3000,  -5.312508,    0.043,
         8.3500,  -5.308234,    0.043,
         8.4000,  -5.304064,    0.043,
         8.4500,  -5.299908,    0.044,
         8.5000,  -5.295733,    0.045,
         8.5500,  -5.291627,    0.045,
         8.6000,  -5.287454,    0.045,
         8.6500,  -5.283294,    0.045,
         8.7000,  -5.279146,    0.045,
         8.7500,  -5.274978,    0.046,
         8.8000,  -5.270813,    0.046,
         8.8500,  -5.266661,    0.046,
         8.9000,  -5.262512,    0.047,
         8.9500,  -5.258286,    0.047,
         9.0000,  -5.254019,    0.047,
         9.0500,  -5.249893,    0.047,
         9.1000,  -5.245724,    0.047,
         9.1500,  -5.241550,    0.048,
         9.2000,  -5.237426,    0.048,
         9.2500,  -5.233259,    0.049,
         9.3000,  -5.229092,    0.049,
         9.3500,  -5.224923,    0.049,
         9.4000,  -5.220803,    0.049,
         9.4500,  -5.216640,    0.050,
         9.5000,  -5.212500,    0.051,
         9.5500,  -5.208322,    0.051,
         9.6000,  -5.203999,    0.051,
         9.6500,  -5.199825,    0.051,
         9.7000,  -5.195718,    0.052,
         9.7500,  -5.191545,    0.053,
         9.8000,  -5.187353,    0.054,
         9.8500,  -5.183222,    0.054,
         9.9000,  -5.179074,    0.054,
         9.9500,  -5.174929,    0.055,
        10.0000,  -5.170765,    0.055,
        10.0500,  -5.166644,    0.056,
        10.1000,  -5.162474,    0.056,
        10.1500,  -5.158313,    0.056,
        10.2000,  -5.154040,    0.056,
        10.2500,  -5.149824,    0.057,
        10.3000,  -5.145658,    0.057,
        10.3500,  -5.141505,    0.058,
        10.4000,  -5.137362,    0.058,
        10.4500,  -5.133206,    0.058,
        10.5000,  -5.129054,    0.058,
        10.5500,  -5.124932,    0.059,
        10.6000,  -5.120778,    0.060,
        10.6500,  -5.116594,    0.060,
        10.7000,  -5.112445,    0.060,
        10.7500,  -5.108293,    0.061,
        10.8000,  -5.104026,    0.062,
        10.8500,  -5.099788,    0.062,
        10.9000,  -5.095640,    0.062,
        10.9500,  -5.091495,    0.062,
        11.0000,  -5.087317,    0.063,
        11.0500,  -5.083202,    0.064,
        11.1000,  -5.079046,    0.064,
        11.1500,  -5.074862,    0.064,
        11.2000,  -5.070725,    0.065,
        11.2500,  -5.066570,    0.066,
        11.3000,  -5.062415,    0.066,
        11.3500,  -5.058273,    0.066,
        11.4000,  -5.054031,    0.067,
        11.4500,  -5.049747,    0.067,
        11.5000,  -5.045632,    0.068,
        11.5500,  -5.041470,    0.068,
        11.6000,  -5.037318,    0.068,
        11.6500,  -5.033143,    0.069,
        11.7000,  -5.029006,    0.069,
        11.7500,  -5.024853,    0.070,
        11.8000,  -5.020669,    0.070,
        11.8500,  -5.016538,    0.070,
        11.9000,  -5.012405,    0.071,
        11.9500,  -5.008225,    0.072,
        12.0000,  -5.004040,    0.072,
        12.0500,  -4.999746,    0.073,
        12.1000,  -4.995612,    0.073,
        12.1500,  -4.991420,    0.074,
        12.2000,  -4.987306,    0.075,
        12.2500,  -4.983107,    0.075,
        12.3000,  -4.978999,    0.075,
        12.3500,  -4.974835,    0.076,
        12.4000,  -4.970664,    0.076,
        12.4500,  -4.966535,    0.077,
        12.5000,  -4.962377,    0.077,
        12.5500,  -4.958234,    0.078,
        12.6000,  -4.953997,    0.078,
        12.6500,  -4.949691,    0.079,
        12.7000,  -4.945599,    0.080,
        12.7500,  -4.941421,    0.080,
        12.8000,  -4.937260,    0.081,
        12.8500,  -4.933133,    0.081,
        12.9000,  -4.928983,    0.082,
        12.9500,  -4.924800,    0.083,
        13.0000,  -4.920676,    0.083,
        13.0500,  -4.916520,    0.083,
        13.1000,  -4.912366,    0.084,
        13.1500,  -4.908206,    0.085,
        13.2000,  -4.903977,    0.085,
        13.2500,  -4.899677,    0.085,
        13.3000,  -4.895545,    0.086,
        13.3500,  -4.891388,    0.087,
        13.4000,  -4.887269,    0.087,
        13.4500,  -4.883105,    0.087,
        13.5000,  -4.878960,    0.088,
        13.5500,  -4.874789,    0.089,
        13.6000,  -4.870659,    0.089,
        13.6500,  -4.866480,    0.091,
        13.7000,  -4.862320,    0.091,
        13.7500,  -4.858186,    0.092,
        13.8000,  -4.853893,    0.092,
        13.8500,  -4.849670,    0.093,
        13.9000,  -4.845553,    0.093,
        13.9500,  -4.841368,    0.094,
        14.0000,  -4.837235,    0.095,
        14.0500,  -4.833067,    0.096,
        14.1000,  -4.828927,    0.096,
        14.1500,  -4.824770,    0.096,
        14.2000,  -4.820615,    0.097,
        14.2500,  -4.816473,    0.098,
        14.3000,  -4.812302,    0.098,
        14.3500,  -4.808137,    0.099,
        14.4000,  -4.803839,    0.100,
        14.4500,  -4.799659,    0.100,
        14.5000,  -4.795524,    0.101,
        14.5500,  -4.791347,    0.102,
        14.6000,  -4.787235,    0.103,
        14.6500,  -4.783037,    0.103,
        14.7000,  -4.778899,    0.104,
        14.7500,  -4.774714,    0.105,
        14.8000,  -4.770598,    0.105,
        14.8500,  -4.766467,    0.106,
        14.9000,  -4.762305,    0.106,
        14.9500,  -4.758076,    0.107,
        15.0000,  -4.753827,    0.108,
        15.0500,  -4.749617,    0.109,
        15.1000,  -4.745494,    0.110,
        15.1500,  -4.741368,    0.110,
        15.2000,  -4.737144,    0.111,
        15.2500,  -4.733032,    0.112,
        15.3000,  -4.728916,    0.112,
        15.3500,  -4.724753,    0.113,
        15.4000,  -4.720578,    0.114,
        15.4500,  -4.716453,    0.115,
        15.5000,  -4.712288,    0.116,
        15.5500,  -4.707960,    0.117,
        15.6000,  -4.703775,    0.117,
        15.6500,  -4.699651,    0.119,
        15.7000,  -4.695482,    0.119,
        15.7500,  -4.691326,    0.121,
        15.8000,  -4.687219,    0.121,
        15.8500,  -4.682985,    0.122,
        15.9000,  -4.678897,    0.123,
        15.9500,  -4.674715,    0.123,
        16.0000,  -4.670578,    0.124,
        16.0500,  -4.666419,    0.125,
        16.1000,  -4.662246,    0.125,
        16.1500,  -4.657907,    0.127,
        16.2000,  -4.653766,    0.128,
        16.2500,  -4.649574,    0.129,
        16.3000,  -4.645516,    0.130,
        16.3500,  -4.641323,    0.131,
        16.4000,  -4.637172,    0.131,
        16.4500,  -4.633039,    0.132,
        16.5000,  -4.628889,    0.133,
        16.5500,  -4.624698,    0.134,
        16.6000,  -4.620545,    0.135,
        16.6500,  -4.616407,    0.136,
        16.7000,  -4.612127,    0.137,
        16.7500,  -4.607893,    0.138,
        16.8000,  -4.603759,    0.140,
        16.8500,  -4.599648,    0.140,
        16.9000,  -4.595477,    0.142,
        16.9500,  -4.591283,    0.142,
        17.0000,  -4.587167,    0.144,
        17.0500,  -4.583006,    0.144,
        17.1000,  -4.578852,    0.145,
        17.1500,  -4.574697,    0.146,
        17.2000,  -4.570572,    0.148,
        17.2500,  -4.566398,    0.148,
        17.3000,  -4.562062,    0.150,
        17.3500,  -4.557910,    0.150,
        17.4000,  -4.553779,    0.152,
        17.4500,  -4.549605,    0.153,
        17.5000,  -4.545468,    0.154,
        17.5500,  -4.541304,    0.155,
        17.6000,  -4.537125,    0.157,
        17.6500,  -4.533027,    0.158,
        17.7000,  -4.528835,    0.159,
        17.7500,  -4.524680,    0.160,
        17.8000,  -4.520602,    0.161,
        17.8500,  -4.516284,    0.162,
        17.9000,  -4.512040,    0.163,
        17.9500,  -4.507868,    0.164,
        18.0000,  -4.503805,    0.166,
        18.0500,  -4.499614,    0.167,
        18.1000,  -4.495429,    0.168,
        18.1500,  -4.491328,    0.169,
        18.2000,  -4.487152,    0.171,
        18.2500,  -4.483005,    0.171,
        18.3000,  -4.478866,    0.173,
        18.3500,  -4.474730,    0.174,
        18.4000,  -4.470494,    0.175,
        18.4500,  -4.466219,    0.178,
        18.5000,  -4.462091,    0.178,
        18.5500,  -4.457916,    0.180,
        18.6000,  -4.453737,    0.181,
        18.6500,  -4.449620,    0.182,
        18.7000,  -4.445453,    0.183,
        18.7500,  -4.441299,    0.184,
        18.8000,  -4.437195,    0.186,
        18.8500,  -4.433031,    0.188,
        18.9000,  -4.428864,    0.189,
        18.9500,  -4.424685,    0.190,
        19.0000,  -4.420403,    0.192,
        19.0500,  -4.416206,    0.193,
        19.1000,  -4.412047,    0.195,
        19.1500,  -4.407914,    0.196,
        19.2000,  -4.403773,    0.197,
        19.2500,  -4.399536,    0.199,
        19.3000,  -4.395572,    0.200,
        19.3500,  -4.391340,    0.202,
        19.4000,  -4.387175,    0.204,
        19.4500,  -4.383007,    0.205,
        19.5000,  -4.378865,    0.207,
        19.5500,  -4.374569,    0.208,
        19.6000,  -4.370386,    0.209,
        19.6500,  -4.366204,    0.211,
        19.7000,  -4.362090,    0.213,
        19.7500,  -4.357879,    0.215,
        19.8000,  -4.353823,    0.217,
        19.8500,  -4.349605,    0.218,
        19.9000,  -4.345505,    0.220,
        19.9500,  -4.341321,    0.221,
        20.0000,  -4.337181,    0.223,
        20.0500,  -4.333019,    0.225,
        20.1000,  -4.328784,    0.226,
        20.1500,  -4.324525,    0.228,
        20.2000,  -4.320389,    0.230,
        20.2500,  -4.316206,    0.231,
        20.3000,  -4.312109,    0.233,
        20.3500,  -4.307944,    0.235,
        20.4000,  -4.303774,    0.236,
        20.4500,  -4.299607,    0.238,
        20.5000,  -4.295416,    0.241,
        20.5500,  -4.291385,    0.243,
        20.6000,  -4.287168,    0.244,
        20.6500,  -4.282985,    0.246,
        20.7000,  -4.278698,    0.247,
        20.7500,  -4.274533,    0.249,
        20.8000,  -4.270400,    0.251,
        20.8500,  -4.266246,    0.253,
        20.9000,  -4.262000,    0.255,
        20.9500,  -4.257908,    0.257,
        21.0000,  -4.253848,    0.258,
        21.0500,  -4.249633,    0.261,
        21.1000,  -4.245458,    0.263,
        21.1500,  -4.241353,    0.265,
        21.2000,  -4.237196,    0.267,
        21.2500,  -4.232899,    0.269,
        21.3000,  -4.228693,    0.271,
        21.3500,  -4.224524,    0.273,
        21.4000,  -4.220376,    0.275,
        21.4500,  -4.216223,    0.277,
        21.5000,  -4.212066,    0.279,
        21.5500,  -4.207864,    0.281,
        21.6000,  -4.203786,    0.283,
        21.6500,  -4.199574,    0.285,
        21.7000,  -4.195489,    0.287,
        21.7500,  -4.191334,    0.290,
        21.8000,  -4.187099,    0.292,
        21.8500,  -4.182881,    0.294,
        21.9000,  -4.178770,    0.295,
        21.9500,  -4.174519,    0.298,
        22.0000,  -4.170285,    0.301,
        22.0500,  -4.166212,    0.303,
        22.1000,  -4.162054,    0.305,
        22.1500,  -4.157933,    0.307,
        22.2000,  -4.153781,    0.310,
        22.2500,  -4.149679,    0.312,
        22.3000,  -4.145586,    0.314,
        22.3500,  -4.141367,    0.316,
        22.4000,  -4.137012,    0.319,
        22.4500,  -4.132852,    0.321,
        22.5000,  -4.128653,    0.324,
        22.5500,  -4.124552,    0.327,
        22.6000,  -4.120378,    0.329,
        22.6500,  -4.116137,    0.331,
        22.7000,  -4.112037,    0.333,
        22.7500,  -4.107968,    0.335,
        22.8000,  -4.103781,    0.339,
        22.8500,  -4.099652,    0.341,
        22.9000,  -4.095483,    0.343,
        22.9500,  -4.091173,    0.346,
        23.0000,  -4.086958,    0.348,
        23.0500,  -4.082811,    0.351,
        23.1000,  -4.078678,    0.354,
        23.1500,  -4.074543,    0.356,
        23.2000,  -4.070390,    0.358,
        23.2500,  -4.066219,    0.361,
        23.3000,  -4.062113,    0.364,
        23.3500,  -4.057912,    0.367,
        23.4000,  -4.053789,    0.369,
        23.4500,  -4.049617,    0.372,
        23.5000,  -4.045374,    0.375,
        23.5500,  -4.041099,    0.378,
        23.6000,  -4.036989,    0.380,
        23.6500,  -4.032830,    0.383,
        23.7000,  -4.028715,    0.386,
        23.7500,  -4.024676,    0.389,
        23.8000,  -4.020253,    0.392,
        23.8500,  -4.016250,    0.394,
        23.9000,  -4.012046,    0.397,
        23.9500,  -4.007957,    0.400,
        24.0000,  -4.003767,    0.403,
        24.0500,  -3.999581,    0.406,
        24.1000,  -3.995282,    0.409,
        24.1500,  -3.991143,    0.412,
        24.2000,  -3.986983,    0.415,
        24.2500,  -3.982839,    0.418,
        24.3000,  -3.978698,    0.421,
        24.3500,  -3.974543,    0.424,
        24.4000,  -3.970366,    0.428,
        24.4500,  -3.966238,    0.430,
        24.5000,  -3.962056,    0.434,
        24.5500,  -3.957952,    0.436,
        24.6000,  -3.953772,    0.440,
        24.6500,  -3.949464,    0.443,
        24.7000,  -3.945304,    0.446,
        24.7500,  -3.941131,    0.449,
        24.8000,  -3.937013,    0.453,
        24.8500,  -3.932832,    0.455,
        24.9000,  -3.928649,    0.458,
        24.9500,  -3.924544,    0.462,
        25.0000,  -3.920390,    0.465,
        25.0500,  -3.916212,    0.468,
        25.1000,  -3.912110,    0.472,
        25.1500,  -3.907965,    0.475,
        25.2000,  -3.903723,    0.478,
        25.2500,  -3.899419,    0.482,
        25.3000,  -3.895307,    0.485,
        25.3500,  -3.891109,    0.489,
        25.4000,  -3.887008,    0.492,
        25.4500,  -3.882849,    0.495,
        25.5000,  -3.878697,    0.499,
        25.5500,  -3.874527,    0.503,
        25.6000,  -3.870483,    0.505,
        25.6500,  -3.866274,    0.509,
        25.7000,  -3.862023,    0.513,
        25.7500,  -3.857929,    0.516,
        25.8000,  -3.853603,    0.520,
        25.8500,  -3.849457,    0.524,
        25.9000,  -3.845301,    0.528,
        25.9500,  -3.841253,    0.530,
        26.0000,  -3.837003,    0.535,
        26.0500,  -3.832760,    0.539,
        26.1000,  -3.828731,    0.542,
        26.1500,  -3.824532,    0.545,
        26.2000,  -3.820421,    0.549,
        26.2500,  -3.816250,    0.554,
        26.3000,  -3.812108,    0.557,
        26.3500,  -3.807825,    0.561,
        26.4000,  -3.803592,    0.565,
        26.4500,  -3.799441,    0.568,
        26.5000,  -3.795293,    0.572,
        26.5500,  -3.791241,    0.577,
        26.6000,  -3.787048,    0.580,
        26.6500,  -3.782721,    0.585,
        26.7000,  -3.778684,    0.588,
        26.7500,  -3.774567,    0.592,
        26.8000,  -3.770437,    0.596,
        26.8500,  -3.766316,    0.600,
        26.9000,  -3.761975,    0.604,
        26.9500,  -3.757840,    0.608,
        27.0000,  -3.753558,    0.612,
        27.0500,  -3.749465,    0.616,
        27.1000,  -3.745363,    0.619,
        27.1500,  -3.741180,    0.624,
        27.2000,  -3.737047,    0.628,
        27.2500,  -3.732814,    0.632,
        27.3000,  -3.728733,    0.636,
        27.3500,  -3.724572,    0.640,
        27.4000,  -3.720361,    0.644,
        27.4500,  -3.716266,    0.648,
        27.5000,  -3.711970,    0.652,
        27.5500,  -3.707741,    0.656,
        27.6000,  -3.703647,    0.660,
        27.6500,  -3.699467,    0.664,
        27.7000,  -3.695354,    0.668,
        27.7500,  -3.691156,    0.673,
        27.8000,  -3.687042,    0.677,
        27.8500,  -3.682826,    0.682,
        27.9000,  -3.678729,    0.686,
        27.9500,  -3.674536,    0.690,
        28.0000,  -3.670424,    0.694,
        28.0500,  -3.666198,    0.699,
        28.1000,  -3.661966,    0.703,
        28.1500,  -3.657776,    0.707,
        28.2000,  -3.653639,    0.712,
        28.2500,  -3.649440,    0.716,
        28.3000,  -3.645360,    0.721,
        28.3500,  -3.641141,    0.726,
        28.4000,  -3.636979,    0.730,
        28.4500,  -3.632868,    0.734,
        28.5000,  -3.628735,    0.739,
        28.5500,  -3.624530,    0.744,
        28.6000,  -3.620443,    0.749,
        28.6500,  -3.616127,    0.753,
        28.7000,  -3.611917,    0.757,
        28.7500,  -3.607758,    0.762,
        28.8000,  -3.603599,    0.767,
        28.8500,  -3.599423,    0.772,
        28.9000,  -3.595241,    0.776,
        28.9500,  -3.591249,    0.780,
        29.0000,  -3.587001,    0.786,
        29.0500,  -3.582846,    0.790,
        29.1000,  -3.578729,    0.795,
        29.1500,  -3.574609,    0.799,
        29.2000,  -3.570323,    0.805,
        29.2500,  -3.566057,    0.810,
        29.3000,  -3.561908,    0.814,
        29.3500,  -3.557750,    0.820,
        29.4000,  -3.553587,    0.825,
        29.4500,  -3.549472,    0.829,
        29.5000,  -3.545315,    0.834,
        29.5500,  -3.541144,    0.839,
        29.6000,  -3.537037,    0.844,
        29.6500,  -3.532909,    0.848,
        29.7000,  -3.528662,    0.853,
        29.7500,  -3.524619,    0.858,
        29.8000,  -3.520204,    0.864,
        29.8500,  -3.516034,    0.869,
        29.9000,  -3.511882,    0.874,
        29.9500,  -3.507730,    0.878,
        30.0000,  -3.503602,    0.883,
        30.0500,  -3.499442,    0.888,
        30.1000,  -3.495322,    0.894,
        30.1500,  -3.491137,    0.898,
        30.2000,  -3.487007,    0.903,
        30.2500,  -3.482843,    0.909,
        30.3000,  -3.478727,    0.913,
        30.3500,  -3.474473,    0.919,
        30.4000,  -3.470243,    0.925,
        30.4500,  -3.466019,    0.930,
        30.5000,  -3.461880,    0.935,
        30.5500,  -3.457759,    0.939,
        30.6000,  -3.453592,    0.945,
        30.6500,  -3.449471,    0.950,
        30.7000,  -3.445289,    0.955,
        30.7500,  -3.441152,    0.960,
        30.8000,  -3.437009,    0.965,
        30.8500,  -3.432776,    0.971,
        30.9000,  -3.428692,    0.976,
        30.9500,  -3.424437,    0.982,
        31.0000,  -3.420201,    0.986,
        31.0500,  -3.416051,    0.992,
        31.1000,  -3.411906,    0.997,
        31.1500,  -3.407773,    1.003,
        31.2000,  -3.403588,    1.008,
        31.2500,  -3.399389,    1.014,
        31.3000,  -3.395312,    1.019,
        31.3500,  -3.391124,    1.024,
        31.4000,  -3.387004,    1.030,
        31.4500,  -3.382840,    1.035,
        31.5000,  -3.378699,    1.041,
        31.5500,  -3.374341,    1.047,
        31.6000,  -3.370189,    1.052,
        31.6500,  -3.366063,    1.058,
        31.7000,  -3.361894,    1.063,
        31.7500,  -3.357759,    1.069,
        31.8000,  -3.353539,    1.075,
        31.8500,  -3.349445,    1.080,
        31.9000,  -3.345279,    1.085,
        31.9500,  -3.341138,    1.091,
        32.0000,  -3.336937,    1.097,
        32.0500,  -3.332862,    1.102,
        32.1000,  -3.328719,    1.108,
        32.1500,  -3.324358,    1.114,
        32.2000,  -3.320172,    1.120,
        32.2500,  -3.316064,    1.125,
        32.3000,  -3.311857,    1.131,
        32.3500,  -3.307752,    1.137,
        32.4000,  -3.303600,    1.142,
        32.4500,  -3.299393,    1.148,
        32.5000,  -3.295350,    1.153,
        32.5500,  -3.291178,    1.159,
        32.6000,  -3.286969,    1.165,
        32.6500,  -3.282881,    1.171,
        32.7000,  -3.278632,    1.177,
        32.7500,  -3.274369,    1.183,
        32.8000,  -3.270168,    1.189,
        32.8500,  -3.266055,    1.195,
        32.9000,  -3.261883,    1.201,
        32.9500,  -3.257729,    1.207,
        33.0000,  -3.253556,    1.212,
        33.0500,  -3.249474,    1.218,
        33.1000,  -3.245292,    1.224,
        33.1500,  -3.241150,    1.230,
        33.2000,  -3.236981,    1.236,
        33.2500,  -3.232835,    1.242,
        33.3000,  -3.228597,    1.248,
        33.3500,  -3.224303,    1.254,
        33.4000,  -3.220196,    1.259,
        33.4500,  -3.216023,    1.266,
        33.5000,  -3.211907,    1.272,
        33.5500,  -3.207723,    1.278,
        33.6000,  -3.203601,    1.283,
        33.6500,  -3.199501,    1.289,
        33.7000,  -3.195259,    1.295,
        33.7500,  -3.191151,    1.301,
        33.8000,  -3.186943,    1.308,
        33.8500,  -3.182835,    1.314,
        33.9000,  -3.178606,    1.320,
        33.9500,  -3.174345,    1.326,
        34.0000,  -3.170166,    1.332,
        34.0500,  -3.166094,    1.337,
        34.1000,  -3.161868,    1.344,
        34.1500,  -3.157772,    1.350,
        34.2000,  -3.153575,    1.356,
        34.2500,  -3.149484,    1.362,
        34.3000,  -3.145207,    1.369,
        34.3500,  -3.141102,    1.375,
        34.4000,  -3.137029,    1.381,
        34.4500,  -3.132864,    1.386,
        34.5000,  -3.128591,    1.393,
        34.5500,  -3.124347,    1.399,
        34.6000,  -3.120200,    1.406,
        34.6500,  -3.116049,    1.412,
        34.7000,  -3.111905,    1.418,
        34.7500,  -3.107726,    1.424,
        34.8000,  -3.103581,    1.431,
        34.8500,  -3.099458,    1.437,
        34.9000,  -3.095291,    1.443,
        34.9500,  -3.091138,    1.449,
        35.0000,  -3.087007,    1.455,
        35.0500,  -3.082849,    1.461,
        35.1000,  -3.078634,    1.468,
        35.1500,  -3.074311,    1.475,
        35.2000,  -3.070194,    1.481,
        35.2500,  -3.066029,    1.487,
        35.3000,  -3.061843,    1.494,
        35.3500,  -3.057756,    1.499,
        35.4000,  -3.053565,    1.506,
        35.4500,  -3.049452,    1.513,
        35.5000,  -3.045280,    1.519,
        35.5500,  -3.041189,    1.525,
        35.6000,  -3.036978,    1.531,
        35.6500,  -3.032805,    1.538,
        35.7000,  -3.028582,    1.544,
        35.7500,  -3.024337,    1.551,
        35.8000,  -3.020174,    1.558,
        35.8500,  -3.016038,    1.564,
        35.9000,  -3.011855,    1.569,
        35.9500,  -3.007770,    1.575,
        36.0000,  -3.003560,    1.582,
        36.0500,  -2.999453,    1.588,
        36.1000,  -2.995273,    1.594,
        36.1500,  -2.991113,    1.601,
        36.2000,  -2.986984,    1.607,
        36.2500,  -2.982798,    1.614,
        36.3000,  -2.978598,    1.620,
        36.3500,  -2.974344,    1.627,
        36.4000,  -2.970153,    1.633,
        36.4500,  -2.966045,    1.640,
        36.5000,  -2.961889,    1.646,
        36.5500,  -2.957746,    1.652,
        36.6000,  -2.953551,    1.659,
        36.6500,  -2.949425,    1.665,
        36.7000,  -2.945243,    1.672,
        36.7500,  -2.941113,    1.678,
        36.8000,  -2.936946,    1.686,
        36.8500,  -2.932829,    1.692,
        36.9000,  -2.928631,    1.699,
        36.9500,  -2.924345,    1.705,
        37.0000,  -2.920164,    1.713,
        37.0500,  -2.916024,    1.718,
        37.1000,  -2.911842,    1.726,
        37.1500,  -2.907673,    1.732,
        37.2000,  -2.903564,    1.738,
        37.2500,  -2.899393,    1.745,
        37.3000,  -2.895231,    1.752,
        37.3500,  -2.891079,    1.758,
        37.4000,  -2.886985,    1.765,
        37.4500,  -2.882788,    1.772,
        37.5000,  -2.878621,    1.778,
        37.5500,  -2.874321,    1.786,
        37.6000,  -2.870149,    1.793,
        37.6500,  -2.865938,    1.799,
        37.7000,  -2.861842,    1.806,
        37.7500,  -2.857661,    1.812,
        37.8000,  -2.853527,    1.818,
        37.8500,  -2.849399,    1.825,
        37.9000,  -2.845221,    1.831,
        37.9500,  -2.841076,    1.838,
        38.0000,  -2.836922,    1.845,
        38.0500,  -2.832778,    1.852,
        38.1000,  -2.828625,    1.858,
        38.1500,  -2.824276,    1.866,
        38.2000,  -2.820126,    1.872,
        38.2500,  -2.815952,    1.879,
        38.3000,  -2.811814,    1.886,
        38.3500,  -2.807690,    1.891,
        38.4000,  -2.803508,    1.898,
        38.4500,  -2.799379,    1.905,
        38.5000,  -2.795195,    1.912,
        38.5500,  -2.791092,    1.918,
        38.6000,  -2.786907,    1.925,
        38.6500,  -2.782717,    1.931,
        38.7000,  -2.778612,    1.938,
        38.7500,  -2.774381,    1.945,
        38.8000,  -2.770079,    1.953,
        38.8500,  -2.765958,    1.959,
        38.9000,  -2.761819,    1.965,
        38.9500,  -2.757652,    1.972,
        39.0000,  -2.753483,    1.978,
        39.0500,  -2.749341,    1.985,
        39.1000,  -2.745190,    1.992,
        39.1500,  -2.741038,    1.998,
        39.2000,  -2.736895,    2.005,
        39.2500,  -2.732730,    2.012,
        39.3000,  -2.728567,    2.018,
        39.3500,  -2.724426,    2.024,
        39.4000,  -2.720115,    2.032,
        39.4500,  -2.715924,    2.039,
        39.5000,  -2.711778,    2.045,
        39.5500,  -2.707644,    2.052,
        39.6000,  -2.703471,    2.059,
        39.6500,  -2.699307,    2.065,
        39.7000,  -2.695170,    2.071,
        39.7500,  -2.691020,    2.078,
        39.8000,  -2.686888,    2.085,
        39.8500,  -2.682738,    2.091,
        39.9000,  -2.678600,    2.098,
        39.9500,  -2.674419,    2.104,
        40.0000,  -2.670134,    2.112,
        40.0500,  -2.665924,    2.119,
        40.1000,  -2.661785,    2.125,
        40.1500,  -2.657598,    2.132,
        40.2000,  -2.653477,    2.139,
        40.2500,  -2.649314,    2.146,
        40.3000,  -2.645193,    2.152,
        40.3500,  -2.641019,    2.159,
        40.4000,  -2.636874,    2.166,
        40.4500,  -2.632733,    2.172,
        40.5000,  -2.628585,    2.179,
        40.5500,  -2.624386,    2.186,
        40.6000,  -2.620247,    2.193,
        40.6500,  -2.615934,    2.201,
        40.7000,  -2.611768,    2.207,
        40.7500,  -2.607611,    2.214,
        40.8000,  -2.603464,    2.221,
        40.8500,  -2.599321,    2.227,
        40.9000,  -2.595165,    2.234,
        40.9500,  -2.591002,    2.241,
        41.0000,  -2.586868,    2.247,
        41.0500,  -2.582692,    2.254,
        41.1000,  -2.578556,    2.260,
        41.1500,  -2.574385,    2.268,
        41.2000,  -2.570259,    2.274,
        41.2500,  -2.566026,    2.281,
        41.3000,  -2.561762,    2.288,
        41.3500,  -2.557619,    2.295,
        41.4000,  -2.553449,    2.302,
        41.4500,  -2.549296,    2.308,
        41.5000,  -2.545151,    2.314,
        41.5500,  -2.540992,    2.321,
        41.6000,  -2.536843,    2.328,
        41.6500,  -2.532688,    2.335,
        41.7000,  -2.528540,    2.341,
        41.7500,  -2.524431,    2.347,
        41.8000,  -2.520252,    2.354,
        41.8500,  -2.516106,    2.360,
        41.9000,  -2.511804,    2.368,
        41.9500,  -2.507563,    2.375,
        42.0000,  -2.503471,    2.381,
        42.0500,  -2.499285,    2.388,
        42.1000,  -2.495140,    2.394,
        42.1500,  -2.490993,    2.400,
        42.2000,  -2.486840,    2.407,
        42.2500,  -2.482706,    2.413,
        42.3000,  -2.478540,    2.420,
        42.3500,  -2.474419,    2.426,
        42.4000,  -2.470219,    2.433,
        42.4500,  -2.466095,    2.439,
        42.5000,  -2.461922,    2.446,
        42.5500,  -2.457593,    2.453,
        42.6000,  -2.453432,    2.459,
        42.6500,  -2.449257,    2.466,
        42.7000,  -2.445132,    2.472,
        42.7500,  -2.440978,    2.479,
        42.8000,  -2.436854,    2.485,
        42.8500,  -2.432674,    2.492,
        42.9000,  -2.428530,    2.498,
        42.9500,  -2.424388,    2.505,
        43.0000,  -2.420208,    2.511,
        43.0500,  -2.416035,    2.518,
        43.1000,  -2.411932,    2.524,
        43.1500,  -2.407680,    2.531,
        43.2000,  -2.403415,    2.538,
        43.2500,  -2.399268,    2.545,
        43.3000,  -2.395123,    2.551,
        43.3500,  -2.390989,    2.557,
        43.4000,  -2.386816,    2.564,
        43.4500,  -2.382663,    2.570,
        43.5000,  -2.378516,    2.577,
        43.5500,  -2.374355,    2.583,
        43.6000,  -2.370218,    2.589,
        43.6500,  -2.366059,    2.596,
        43.7000,  -2.361894,    2.602,
        43.7500,  -2.357769,    2.608,
        43.8000,  -2.353476,    2.615,
        43.8500,  -2.349276,    2.621,
        43.9000,  -2.345093,    2.628,
        43.9500,  -2.340942,    2.634,
        44.0000,  -2.336804,    2.640,
        44.0500,  -2.332590,    2.646,
        44.1000,  -2.328492,    2.651,
        44.1500,  -2.324339,    2.657,
        44.2000,  -2.320188,    2.662,
        44.2500,  -2.316030,    2.668,
        44.3000,  -2.311885,    2.673,
        44.3500,  -2.307735,    2.679,
        44.4000,  -2.303570,    2.684,
        44.4500,  -2.299277,    2.691,
        44.5000,  -2.295075,    2.696,
        44.5500,  -2.290908,    2.703,
        44.6000,  -2.286657,    2.703,
        44.6500,  -2.282588,    2.705,
        44.7000,  -2.278468,    2.711,
        44.7500,  -2.274309,    2.715,
        44.8000,  -2.270171,    2.721,
        44.8500,  -2.266003,    2.726,
        44.9000,  -2.261842,    2.732,
        44.9500,  -2.257704,    2.737,
        45.0000,  -2.253561,    2.742,
        45.0500,  -2.249350,    2.747,
        45.1000,  -2.245060,    2.753,
        45.1500,  -2.240891,    2.758,
        45.2000,  -2.236724,    2.764,
        45.2500,  -2.232614,    2.769,
        45.3000,  -2.228450,    2.774,
        45.3500,  -2.224278,    2.781,
        45.4000,  -2.220139,    2.786,
        45.4500,  -2.215964,    2.791,
        45.5000,  -2.211812,    2.797,
        45.5500,  -2.207683,    2.802,
        45.6000,  -2.203507,    2.808,
        45.6500,  -2.199408,    2.812,
        45.7000,  -2.195166,    2.818,
        45.7500,  -2.190871,    2.825,
        45.8000,  -2.186747,    2.830,
        45.8500,  -2.182561,    2.835,
        45.9000,  -2.178395,    2.840,
        45.9500,  -2.174258,    2.846,
        46.0000,  -2.170089,    2.851,
        46.0500,  -2.165959,    2.856,
        46.1000,  -2.161799,    2.861,
        46.1500,  -2.157668,    2.867,
        46.2000,  -2.153489,    2.871,
        46.2500,  -2.149340,    2.877,
        46.3000,  -2.145198,    2.881,
        46.3500,  -2.141007,    2.887,
        46.4000,  -2.136691,    2.892,
        46.4500,  -2.132527,    2.898,
        46.5000,  -2.128369,    2.902,
        46.5500,  -2.124223,    2.907,
        46.6000,  -2.120060,    2.912,
        46.6500,  -2.115961,    2.916,
        46.7000,  -2.111780,    2.921,
        46.7500,  -2.107625,    2.926,
        46.8000,  -2.103485,    2.930,
        46.8500,  -2.099329,    2.935,
        46.9000,  -2.095136,    2.940,
        46.9500,  -2.091014,    2.944,
        47.0000,  -2.086838,    2.949,
        47.0500,  -2.082498,    2.955,
        47.1000,  -2.078353,    2.959,
        47.1500,  -2.074233,    2.963,
        47.2000,  -2.070056,    2.968,
        47.2500,  -2.065928,    2.973,
        47.3000,  -2.061751,    2.977,
        47.3500,  -2.057609,    2.982,
        47.4000,  -2.053440,    2.986,
        47.4500,  -2.049273,    2.991,
        47.5000,  -2.045156,    2.995,
        47.5500,  -2.041012,    2.999,
        47.6000,  -2.036809,    3.004,
        47.6500,  -2.032688,    3.008,
        47.7000,  -2.028362,    3.014,
        47.7500,  -2.024170,    3.018,
        47.8000,  -2.020036,    3.023,
        47.8500,  -2.015916,    3.027,
        47.9000,  -2.011707,    3.032,
        47.9500,  -2.007559,    3.037,
        48.0000,  -2.003432,    3.041,
        48.0500,  -1.999297,    3.045,
        48.1000,  -1.995117,    3.050,
        48.1500,  -1.991010,    3.054,
        48.2000,  -1.986828,    3.060,
        48.2500,  -1.982667,    3.064,
        48.3000,  -1.978522,    3.068,
        48.3500,  -1.974201,    3.075,
        48.4000,  -1.970018,    3.079,
        48.4500,  -1.965864,    3.084,
        48.5000,  -1.961732,    3.088,
        48.5500,  -1.957568,    3.093,
        48.6000,  -1.953417,    3.098,
        48.6500,  -1.949285,    3.102,
        48.7000,  -1.945142,    3.106,
        48.7500,  -1.940960,    3.110,
        48.8000,  -1.936822,    3.115,
        48.8500,  -1.932663,    3.119,
        48.9000,  -1.928487,    3.124,
        48.9500,  -1.924332,    3.128,
        49.0000,  -1.920026,    3.133,
        49.0500,  -1.915865,    3.138,
        49.1000,  -1.911711,    3.142,
        49.1500,  -1.907581,    3.147,
        49.2000,  -1.903406,    3.151,
        49.2500,  -1.899245,    3.156,
        49.3000,  -1.895110,    3.160,
        49.3500,  -1.890959,    3.165,
        49.4000,  -1.886778,    3.169,
        49.4500,  -1.882643,    3.173,
        49.5000,  -1.878488,    3.178,
        49.5500,  -1.874365,    3.182,
        49.6000,  -1.870185,    3.187,
        49.6500,  -1.865863,    3.192,
        49.7000,  -1.861692,    3.197,
        49.7500,  -1.857531,    3.201,
        49.8000,  -1.853394,    3.206,
        49.8500,  -1.849241,    3.210,
        49.9000,  -1.845070,    3.214,
        49.9500,  -1.840936,    3.219,
        50.0000,  -1.836763,    3.223,
        50.0500,  -1.832638,    3.227,
        50.1000,  -1.828508,    3.231,
        50.1500,  -1.824348,    3.235,
        50.2000,  -1.820184,    3.239,
        50.2500,  -1.816015,    3.244,
        50.3000,  -1.811728,    3.248,
        50.3500,  -1.807492,    3.252,
        50.4000,  -1.803342,    3.256,
        50.4500,  -1.799219,    3.260,
        50.5000,  -1.795077,    3.263,
        50.5500,  -1.790888,    3.266,
        50.6000,  -1.786752,    3.270,
        50.6500,  -1.782607,    3.273,
        50.7000,  -1.778488,    3.275,
        50.7500,  -1.774279,    3.278,
        50.8000,  -1.770154,    3.282,
        50.8500,  -1.765972,    3.285,
        50.9000,  -1.761826,    3.287,
        50.9500,  -1.757524,    3.290,
        51.0000,  -1.753326,    3.293,
        51.0500,  -1.749187,    3.295,
        51.1000,  -1.745029,    3.298,
        51.1500,  -1.740892,    3.301,
        51.2000,  -1.736734,    3.303,
        51.2500,  -1.732546,    3.305,
        51.3000,  -1.728458,    3.307,
        51.3500,  -1.724250,    3.310,
        51.4000,  -1.720123,    3.312,
        51.4500,  -1.715949,    3.315,
        51.5000,  -1.711841,    3.318,
        51.5500,  -1.707652,    3.321,
        51.6000,  -1.703398,    3.325,
        51.6500,  -1.699155,    3.327,
        51.7000,  -1.695001,    3.330,
        51.7500,  -1.690829,    3.333,
        51.8000,  -1.686691,    3.335,
        51.8500,  -1.682515,    3.337,
        51.9000,  -1.678408,    3.339,
        51.9500,  -1.674240,    3.342,
        52.0000,  -1.670103,    3.344,
        52.0500,  -1.665922,    3.346,
        52.1000,  -1.661802,    3.348,
        52.1500,  -1.657610,    3.350,
        52.2000,  -1.653495,    3.353,
        52.2500,  -1.649231,    3.356,
        52.3000,  -1.644979,    3.359,
        52.3500,  -1.640782,    3.362,
        52.4000,  -1.636682,    3.363,
        52.4500,  -1.632508,    3.365,
        52.5000,  -1.628357,    3.367,
        52.5500,  -1.624225,    3.369,
        52.6000,  -1.620088,    3.371,
        52.6500,  -1.615904,    3.373,
        52.7000,  -1.611759,    3.375,
        52.7500,  -1.607595,    3.377,
        52.8000,  -1.603445,    3.379,
        52.8500,  -1.599259,    3.381,
        52.9000,  -1.595074,    3.383,
        52.9500,  -1.590760,    3.386,
        53.0000,  -1.586631,    3.387,
        53.0500,  -1.582480,    3.389,
        53.1000,  -1.578366,    3.391,
        53.1500,  -1.574207,    3.393,
        53.2000,  -1.570025,    3.395,
        53.2500,  -1.565856,    3.397,
        53.3000,  -1.561733,    3.399,
        53.3500,  -1.557542,    3.401,
        53.4000,  -1.553409,    3.404,
        53.4500,  -1.549289,    3.406,
        53.5000,  -1.545148,    3.408,
        53.5500,  -1.540904,    3.410,
        53.6000,  -1.536644,    3.413,
        53.6500,  -1.532428,    3.415,
        53.7000,  -1.528322,    3.416,
        53.7500,  -1.524160,    3.418,
        53.8000,  -1.520010,    3.420,
        53.8500,  -1.515850,    3.421,
        53.9000,  -1.511683,    3.423,
        53.9500,  -1.507545,    3.423,
        54.0000,  -1.503403,    3.425,
        54.0500,  -1.499248,    3.426,
        54.1000,  -1.495105,    3.428,
        54.1500,  -1.490934,    3.430,
        54.2000,  -1.486767,    3.431,
        54.2500,  -1.482428,    3.433,
        54.3000,  -1.478284,    3.434,
        54.3500,  -1.474085,    3.435,
        54.4000,  -1.469974,    3.436,
        54.4500,  -1.465838,    3.436,
        54.5000,  -1.461681,    3.437,
        54.5500,  -1.457499,    3.438,
        54.6000,  -1.453378,    3.438,
        54.6500,  -1.449191,    3.440,
        54.7000,  -1.445030,    3.440,
        54.7500,  -1.440898,    3.441,
        54.8000,  -1.436760,    3.442,
        54.8500,  -1.432566,    3.442,
        54.9000,  -1.428258,    3.444,
        54.9500,  -1.424103,    3.444,
        55.0000,  -1.419932,    3.444,
        55.0500,  -1.415782,    3.444,
        55.1000,  -1.411676,    3.444,
        55.1500,  -1.407493,    3.444,
        55.2000,  -1.403305,    3.444,
        55.2500,  -1.399178,    3.442,
        55.3000,  -1.395022,    3.441,
        55.3500,  -1.390815,    3.440,
        55.4000,  -1.386733,    3.438,
        55.4500,  -1.382585,    3.437,
        55.5000,  -1.378396,    3.436,
        55.5500,  -1.374072,    3.434,
        55.6000,  -1.369914,    3.432,
        55.6500,  -1.365780,    3.431,
        55.7000,  -1.361593,    3.430,
        55.7500,  -1.357453,    3.429,
        55.8000,  -1.353300,    3.428,
        55.8500,  -1.349143,    3.426,
        55.9000,  -1.345023,    3.425,
        55.9500,  -1.340869,    3.425,
        56.0000,  -1.336734,    3.424,
        56.0500,  -1.332573,    3.424,
        56.1000,  -1.328435,    3.424,
        56.1500,  -1.324244,    3.423,
        56.2000,  -1.319934,    3.423,
        56.2500,  -1.315770,    3.423,
        56.3000,  -1.311595,    3.423,
        56.3500,  -1.307450,    3.422,
        56.4000,  -1.303326,    3.422,
        56.4500,  -1.299186,    3.422,
        56.5000,  -1.295024,    3.422,
        56.5500,  -1.290857,    3.423,
        56.6000,  -1.286739,    3.423,
        56.6500,  -1.282566,    3.423,
        56.7000,  -1.278394,    3.424,
        56.7500,  -1.274274,    3.425,
        56.8000,  -1.270101,    3.425,
        56.8500,  -1.265841,    3.426,
        56.9000,  -1.261602,    3.426,
        56.9500,  -1.257482,    3.426,
        57.0000,  -1.253293,    3.426,
        57.0500,  -1.249165,    3.426,
        57.1000,  -1.245039,    3.426,
        57.1500,  -1.240834,    3.428,
        57.2000,  -1.236667,    3.428,
        57.2500,  -1.232552,    3.429,
        57.3000,  -1.228408,    3.430,
        57.3500,  -1.224237,    3.430,
        57.4000,  -1.220131,    3.431,
        57.4500,  -1.215981,    3.432,
        57.5000,  -1.211696,    3.433,
        57.5500,  -1.207419,    3.434,
        57.6000,  -1.203319,    3.434,
        57.6500,  -1.199146,    3.435,
        57.7000,  -1.194966,    3.436,
        57.7500,  -1.190858,    3.436,
        57.8000,  -1.186685,    3.437,
        57.8500,  -1.182538,    3.437,
        57.9000,  -1.178389,    3.437,
        57.9500,  -1.174234,    3.438,
        58.0000,  -1.170080,    3.438,
        58.0500,  -1.165970,    3.438,
        58.1000,  -1.161794,    3.439,
        58.1500,  -1.157488,    3.440,
        58.2000,  -1.153253,    3.440,
        58.2500,  -1.149126,    3.440,
        58.3000,  -1.144943,    3.438,
        58.3500,  -1.140794,    3.437,
        58.4000,  -1.136666,    3.436,
        58.4500,  -1.132531,    3.434,
        58.5000,  -1.128313,    3.433,
        58.5500,  -1.124183,    3.430,
        58.6000,  -1.120063,    3.428,
        58.6500,  -1.115875,    3.428,
        58.7000,  -1.111742,    3.426,
        58.7500,  -1.107581,    3.424,
        58.8000,  -1.103346,    3.423,
        58.8500,  -1.099099,    3.424,
        58.9000,  -1.094974,    3.424,
        58.9500,  -1.090803,    3.424,
        59.0000,  -1.086677,    3.424,
        59.0500,  -1.082504,    3.424,
        59.1000,  -1.078347,    3.424,
        59.1500,  -1.074185,    3.424,
        59.2000,  -1.070008,    3.423,
        59.2500,  -1.065891,    3.423,
        59.3000,  -1.061741,    3.423,
        59.3500,  -1.057592,    3.422,
        59.4000,  -1.053412,    3.421,
        59.4500,  -1.049199,    3.421,
        59.5000,  -1.044928,    3.421,
        59.5500,  -1.040774,    3.421,
        59.6000,  -1.036625,    3.421,
        59.6500,  -1.032464,    3.421,
        59.7000,  -1.028345,    3.421,
        59.7500,  -1.024150,    3.421,
        59.8000,  -1.020002,    3.420,
        59.8500,  -1.015890,    3.419,
        59.9000,  -1.011727,    3.419,
        59.9500,  -1.007571,    3.418,
        60.0000,  -1.003429,    3.417,
        60.0500,  -0.999268,    3.417,
        60.1000,  -0.994940,    3.417,
        60.1500,  -0.990720,    3.417,
        60.2000,  -0.986578,    3.415,
        60.2500,  -0.982429,    3.414,
        60.3000,  -0.978286,    3.413,
        60.3500,  -0.974177,    3.412,
        60.4000,  -0.969989,    3.412,
        60.4500,  -0.965869,    3.411,
        60.5000,  -0.961676,    3.411,
        60.5500,  -0.957553,    3.410,
        60.6000,  -0.953378,    3.410,
        60.6500,  -0.949219,    3.409,
        60.7000,  -0.945066,    3.409,
        60.7500,  -0.940775,    3.410,
        60.8000,  -0.936597,    3.409,
        60.8500,  -0.932447,    3.409,
        60.9000,  -0.928293,    3.409,
        60.9500,  -0.924124,    3.408,
        61.0000,  -0.919959,    3.407,
        61.0500,  -0.915853,    3.407,
        61.1000,  -0.911647,    3.407,
        61.1500,  -0.907500,    3.405,
        61.2000,  -0.903348,    3.404,
        61.2500,  -0.899181,    3.404,
        61.3000,  -0.895081,    3.404,
        61.3500,  -0.890909,    3.403,
        61.4000,  -0.886605,    3.404,
        61.4500,  -0.882430,    3.404,
        61.5000,  -0.878269,    3.403,
        61.5500,  -0.874099,    3.403,
        61.6000,  -0.869931,    3.402,
        61.6500,  -0.865770,    3.402,
        61.7000,  -0.861609,    3.400,
        61.7500,  -0.857507,    3.398,
        61.8000,  -0.853344,    3.398,
        61.8500,  -0.849224,    3.396,
        61.9000,  -0.845030,    3.396,
        61.9500,  -0.840910,    3.394,
        62.0000,  -0.836652,    3.394,
        62.0500,  -0.832385,    3.393,
        62.1000,  -0.828232,    3.392,
        62.1500,  -0.824093,    3.390,
        62.2000,  -0.819912,    3.389,
        62.2500,  -0.815767,    3.388,
        62.3000,  -0.811624,    3.386,
        62.3500,  -0.807482,    3.384,
        62.4000,  -0.803321,    3.382,
        62.4500,  -0.799161,    3.379,
        62.5000,  -0.794983,    3.375,
        62.5500,  -0.790843,    3.370,
        62.6000,  -0.786634,    3.365,
        62.6500,  -0.782403,    3.360,
        62.7000,  -0.778078,    3.352,
        62.7500,  -0.773961,    3.342,
        62.8000,  -0.769857,    3.335,
        62.8500,  -0.765746,    3.329,
        62.9000,  -0.761558,    3.324,
        62.9500,  -0.757441,    3.319,
        63.0000,  -0.753285,    3.315,
        63.0500,  -0.749130,    3.311,
        63.1000,  -0.744991,    3.308,
        63.1500,  -0.740810,    3.304,
        63.2000,  -0.736689,    3.301,
        63.2500,  -0.732528,    3.298,
        63.3000,  -0.728256,    3.295,
        63.3500,  -0.724038,    3.293,
        63.4000,  -0.719903,    3.289,
        63.4500,  -0.715699,    3.285,
        63.5000,  -0.711585,    3.282,
        63.5500,  -0.707426,    3.278,
        63.6000,  -0.703280,    3.274,
        63.6500,  -0.699117,    3.270,
        63.7000,  -0.694970,    3.266,
        63.7500,  -0.690828,    3.262,
        63.8000,  -0.686665,    3.257,
        63.8500,  -0.682531,    3.253,
        63.9000,  -0.678314,    3.249,
        63.9500,  -0.674055,    3.245,
        64.0000,  -0.669863,    3.240,
        64.0500,  -0.665720,    3.235,
        64.1000,  -0.661545,    3.230,
        64.1500,  -0.657366,    3.224,
        64.2000,  -0.653255,    3.218,
        64.2500,  -0.649107,    3.212,
        64.3000,  -0.644956,    3.207,
        64.3500,  -0.640824,    3.201,
        64.4000,  -0.636652,    3.196,
        64.4500,  -0.632490,    3.190,
        64.5000,  -0.628350,    3.185,
        64.5500,  -0.624074,    3.180,
        64.6000,  -0.619806,    3.174,
        64.6500,  -0.615660,    3.168,
        64.7000,  -0.611587,    3.161,
        64.7500,  -0.607359,    3.155,
        64.8000,  -0.603253,    3.148,
        64.8500,  -0.599063,    3.142,
        64.9000,  -0.594960,    3.135,
        64.9500,  -0.590758,    3.128,
        65.0000,  -0.586610,    3.121,
        65.0500,  -0.582449,    3.113,
        65.1000,  -0.578309,    3.105,
        65.1500,  -0.574125,    3.098,
        65.2000,  -0.569868,    3.091,
        65.2500,  -0.565669,    3.083,
        65.3000,  -0.561522,    3.075,
        65.3500,  -0.557356,    3.067,
        65.4000,  -0.553207,    3.058,
        65.4500,  -0.549042,    3.049,
        65.5000,  -0.544897,    3.041,
        65.5500,  -0.540719,    3.032,
        65.6000,  -0.536563,    3.019,
        65.6500,  -0.532403,    3.008,
        65.7000,  -0.528292,    2.997,
        65.7500,  -0.524102,    2.986,
        65.8000,  -0.519851,    2.976,
        65.8500,  -0.515607,    2.963,
        65.9000,  -0.511500,    2.951,
        65.9500,  -0.507296,    2.940,
        66.0000,  -0.503165,    2.929,
        66.0500,  -0.499166,    2.917,
        66.1000,  -0.494794,    2.909,
        66.1500,  -0.490497,    2.898,
        66.2000,  -0.486610,    2.883,
        66.2500,  -0.482371,    2.871,
        66.3000,  -0.478313,    2.854,
        66.3500,  -0.473946,    2.831,
        66.4000,  -0.469726,    2.804,
        66.4500,  -0.465434,    2.780,
        66.5000,  -0.461350,    2.760,
        66.5500,  -0.457207,    2.742,
        66.6000,  -0.453083,    2.725,
        66.6500,  -0.448922,    2.708,
        66.7000,  -0.444743,    2.689,
        66.7500,  -0.440615,    2.671,
        66.8000,  -0.436444,    2.652,
        66.8500,  -0.432297,    2.633,
        66.9000,  -0.428168,    2.614,
        66.9500,  -0.423971,    2.596,
        67.0000,  -0.419844,    2.577,
        67.0500,  -0.415559,    2.561,
        67.1000,  -0.411362,    2.545,
        67.1500,  -0.407196,    2.529,
        67.2000,  -0.403080,    2.512,
        67.2500,  -0.398926,    2.495,
        67.3000,  -0.394699,    2.476,
        67.3500,  -0.390578,    2.455,
        67.4000,  -0.386422,    2.436,
        67.4500,  -0.382255,    2.417,
        67.5000,  -0.378117,    2.398,
        67.5500,  -0.373972,    2.381,
        67.6000,  -0.369855,    2.362,
        67.6500,  -0.365619,    2.346,
        67.7000,  -0.361378,    2.329,
        67.7500,  -0.357184,    2.312,
        67.8000,  -0.353053,    2.294,
        67.8500,  -0.348891,    2.277,
        67.9000,  -0.344740,    2.259,
        67.9500,  -0.340575,    2.243,
        68.0000,  -0.336436,    2.226,
        68.0500,  -0.332320,    2.211,
        68.1000,  -0.328141,    2.194,
        68.1500,  -0.324002,    2.177,
        68.2000,  -0.319860,    2.161,
        68.2500,  -0.315667,    2.143,
        68.3000,  -0.311316,    2.127,
        68.3500,  -0.307193,    2.110,
        68.4000,  -0.303062,    2.092,
        68.4500,  -0.298850,    2.074,
        68.5000,  -0.294699,    2.054,
        68.5500,  -0.290557,    2.035,
        68.6000,  -0.286412,    2.015,
        68.6500,  -0.282209,    1.995,
        68.7000,  -0.278135,    1.973,
        68.7500,  -0.273922,    1.952,
        68.8000,  -0.269794,    1.930,
        68.8500,  -0.265597,    1.908,
        68.9000,  -0.261309,    1.886,
        68.9500,  -0.257043,    1.862,
        69.0000,  -0.252899,    1.836,
        69.0500,  -0.248728,    1.808,
        69.1000,  -0.244575,    1.776,
        69.1500,  -0.240334,    1.741,
        69.2000,  -0.236159,    1.703,
        69.2500,  -0.231955,    1.660,
        69.3000,  -0.227625,    1.605,
        69.3500,  -0.222562,    1.503,
        69.4000,  -0.214512,    1.134,
        69.4500,  -0.211712,    0.794,
        69.5000,  -0.209482,    0.606,
        69.5500,  -0.206379,    0.505,
        69.6000,  -0.202594,    0.440,
        69.6500,  -0.198610,    0.391,
        69.7000,  -0.194638,    0.354,
        69.7500,  -0.190605,    0.326,
        69.8000,  -0.186519,    0.308,
        69.8500,  -0.182372,    0.293,
        69.9000,  -0.178187,    0.283,
        69.9500,  -0.174110,    0.274,
        70.0000,  -0.169917,    0.267,
        70.0500,  -0.165822,    0.263,
        70.1000,  -0.161557,    0.259,
        70.1500,  -0.157341,    0.256,
        70.2000,  -0.153244,    0.254,
        70.2500,  -0.149111,    0.252,
        70.3000,  -0.144890,    0.250,
        70.3500,  -0.140799,    0.248,
        70.4000,  -0.136614,    0.247,
        70.4500,  -0.132478,    0.246,
        70.5000,  -0.128331,    0.245,
        70.5500,  -0.124221,    0.245,
        70.6000,  -0.120026,    0.244,
        70.6500,  -0.115884,    0.243,
        70.7000,  -0.111565,    0.243,
        70.7500,  -0.107403,    0.241,
        70.8000,  -0.103256,    0.241,
        70.8500,  -0.099072,    0.239,
        70.9000,  -0.094930,    0.238,
        70.9500,  -0.090782,    0.237,
        71.0000,  -0.086631,    0.236,
        71.0500,  -0.082474,    0.236,
        71.1000,  -0.078362,    0.235,
        71.1500,  -0.074205,    0.234,
        71.2000,  -0.070051,    0.233,
        71.2500,  -0.065934,    0.232,
        71.3000,  -0.061558,    0.232,
        71.3500,  -0.057403,    0.230,
        71.4000,  -0.053240,    0.230,
        71.4500,  -0.049075,    0.228,
        71.5000,  -0.044922,    0.228,
        71.5500,  -0.040799,    0.226,
        71.6000,  -0.036651,    0.224,
        71.6500,  -0.032523,    0.222,
        71.7000,  -0.028350,    0.220,
        71.7500,  -0.024198,    0.218,
        71.8000,  -0.020030,    0.215,
        71.8500,  -0.015843,    0.211,
        71.9000,  -0.011480,    0.208,
        71.9500,  -0.007344,    0.203,
        72.0000,  -0.003156,    0.194,
        72.0500,   0.001037,    0.183,
        72.1000,   0.005382,    0.171,
        72.1500,   0.009521,    0.158,
        72.2000,   0.013663,    0.148,
        72.2500,   0.017763,    0.140,
        72.3000,   0.021899,    0.133,
        72.3500,   0.026014,    0.130,
        72.4000,   0.030204,    0.125,
        72.4500,   0.034330,    0.122,
        72.5000,   0.038685,    0.119,
        72.5500,   0.042802,    0.116,
        72.6000,   0.046944,    0.112,
        72.6500,   0.051105,    0.110,
        72.7000,   0.055258,    0.106,
        72.7500,   0.059376,    0.104,
        72.8000,   0.063581,    0.101,
        72.8500,   0.067705,    0.098,
        72.9000,   0.071885,    0.095,
        72.9500,   0.076020,    0.091,
        73.0000,   0.080179,    0.088,
        73.0500,   0.084381,    0.085,
        73.1000,   0.088659,    0.083,
        73.1500,   0.092762,    0.081,
        73.2000,   0.096941,    0.080,
        73.2500,   0.101082,    0.078,
        73.3000,   0.105237,    0.076,
        73.3500,   0.109396,    0.075,
        73.4000,   0.113581,    0.074,
        73.4500,   0.117666,    0.073,
        73.5000,   0.121813,    0.072,
        73.5500,   0.125985,    0.071,
        73.6000,   0.130111,    0.070,
        73.6500,   0.134427,    0.069,
        73.7000,   0.138620,    0.068,
        73.7500,   0.142750,    0.068,
        73.8000,   0.146926,    0.068,
        73.8500,   0.151073,    0.068,
        73.9000,   0.155250,    0.068,
        73.9500,   0.159345,    0.068,
        74.0000,   0.163491,    0.068,
        74.0500,   0.167663,    0.068,
        74.1000,   0.171807,    0.068,
        74.1500,   0.175910,    0.067,
        74.2000,   0.180159,    0.068,
        74.2500,   0.184475,    0.068,
        74.3000,   0.188610,    0.068,
        74.3500,   0.192762,    0.068,
        74.4000,   0.196929,    0.068,
        74.4500,   0.201041,    0.068,
        74.5000,   0.205169,    0.068,
        74.5500,   0.209346,    0.067,
        74.6000,   0.213524,    0.068,
        74.6500,   0.217614,    0.067,
        74.7000,   0.221830,    0.067,
        74.7500,   0.225973,    0.068,
        74.8000,   0.230230,    0.067,
        74.8500,   0.234479,    0.067,
        74.9000,   0.238633,    0.067,
        74.9500,   0.242763,    0.066,
        75.0000,   0.246890,    0.066,
        75.0500,   0.251075,    0.066,
        75.1000,   0.255224,    0.066,
        75.1500,   0.259323,    0.065,
        75.2000,   0.263518,    0.065,
        75.2500,   0.267693,    0.064,
        75.3000,   0.271838,    0.063,
        75.3500,   0.276010,    0.061,
        75.4000,   0.280391,    0.058,
        75.4500,   0.284781,    0.040,
        75.5000,   0.288702,    0.023,
        75.5500,   0.292912,    0.014,
        75.6000,   0.296947,    0.005,
        75.6500,   0.301010,    0.007,
        75.7000,   0.305215,    0.007,
        75.7500,   0.309387,    0.007,
        75.8000,   0.313514,    0.007,
        75.8500,   0.317675,    0.007,
        75.9000,   0.321805,    0.007,
        75.9500,   0.326057,    0.007,
        76.0000,   0.330284,    0.007,
        76.0500,   0.334448,    0.007,
        76.1000,   0.338605,    0.007,
        76.1500,   0.342734,    0.007,
        76.2000,   0.346914,    0.007,
        76.2500,   0.351071,    0.007,
        76.3000,   0.355194,    0.007,
        76.3500,   0.359362,    0.007,
        76.4000,   0.363504,    0.007,
        76.4500,   0.367619,    0.007,
        76.5000,   0.371827,    0.007,
        76.5500,   0.376130,    0.007,
        76.6000,   0.380295,    0.007,
        76.6500,   0.384377,    0.007,
        76.7000,   0.388592,    0.007,
        76.7500,   0.392743,    0.007,
        76.8000,   0.396884,    0.007,
        76.8500,   0.401035,    0.007,
        76.9000,   0.405188,    0.007,
        76.9500,   0.409329,    0.007,
        77.0000,   0.413435,    0.007,
        77.0500,   0.417628,    0.007,
        77.1000,   0.421940,    0.007,
        77.1500,   0.426118,    0.007,
        77.2000,   0.430283,    0.007,
        77.2500,   0.434472,    0.007,
        77.3000,   0.438562,    0.008,
        77.3500,   0.442709,    0.008,
        77.4000,   0.446879,    0.008,
        77.4500,   0.451034,    0.008,
        77.5000,   0.455101,    0.008,
        77.5500,   0.459313,    0.008,
        77.6000,   0.463468,    0.008,
        77.6500,   0.467709,    0.008,
        77.7000,   0.471966,    0.008,
        77.7500,   0.476165,    0.008,
        77.8000,   0.480243,    0.008,
        77.8500,   0.484424,    0.008,
        77.9000,   0.488543,    0.008,
        77.9500,   0.492714,    0.008,
        78.0000,   0.496803,    0.008,
        78.0500,   0.500979,    0.008,
        78.1000,   0.505172,    0.008,
        78.1500,   0.509279,    0.008,
        78.2000,   0.513519,    0.008,
        78.2500,   0.517817,    0.008,
        78.3000,   0.521934,    0.008,
        78.3500,   0.526064,    0.009,
        78.4000,   0.530237,    0.008,
        78.4500,   0.534365,    0.008,
        78.5000,   0.538525,    0.009,
        78.5500,   0.542652,    0.009,
        78.6000,   0.546828,    0.009,
        78.6500,   0.550974,    0.009,
        78.7000,   0.555103,    0.009,
        78.7500,   0.559343,    0.009,
        78.8000,   0.563636,    0.009,
        78.8500,   0.567767,    0.009,
        78.9000,   0.571897,    0.009,
        78.9500,   0.576044,    0.009,
        79.0000,   0.580199,    0.009,
        79.0500,   0.584342,    0.009,
        79.1000,   0.588512,    0.009,
        79.1500,   0.592667,    0.009,
        79.2000,   0.596832,    0.009,
        79.2500,   0.600977,    0.009,
        79.3000,   0.605108,    0.009,
        79.3500,   0.609426,    0.009,
        79.4000,   0.613590,    0.009,
        79.4500,   0.617702,    0.009,
        79.5000,   0.621848,    0.009,
        79.5500,   0.626046,    0.009,
        79.6000,   0.630197,    0.009,
        79.6500,   0.634320,    0.009,
        79.7000,   0.638489,    0.009,
        79.7500,   0.642664,    0.009,
        79.8000,   0.646783,    0.009,
        79.8500,   0.650925,    0.009,
        79.9000,   0.655247,    0.009,
        79.9500,   0.659412,    0.009,
        80.0000,   0.663554,    0.009,
        80.0500,   0.667709,    0.009,
        80.1000,   0.671859,    0.009,
        80.1500,   0.676031,    0.009,
        80.2000,   0.680177,    0.009,
        80.2500,   0.684324,    0.009,
        80.3000,   0.688474,    0.009,
        80.3500,   0.692610,    0.009,
        80.4000,   0.696747,    0.009,
        80.4500,   0.701061,    0.008,
        80.5000,   0.705227,    0.009,
        80.5500,   0.709415,    0.009,
        80.6000,   0.713517,    0.008,
        80.6500,   0.717716,    0.008,
        80.7000,   0.721864,    0.008,
        80.7500,   0.725998,    0.008,
        80.8000,   0.730130,    0.008,
        80.8500,   0.734275,    0.009,
        80.9000,   0.738442,    0.008,
        80.9500,   0.742585,    0.008,
        81.0000,   0.746917,    0.009,
        81.0500,   0.751114,    0.008,
        81.1000,   0.755219,    0.008,
        81.1500,   0.759390,    0.008,
        81.2000,   0.763571,    0.008,
        81.2500,   0.767691,    0.008,
        81.3000,   0.771817,    0.008,
        81.3500,   0.775997,    0.007,
        81.4000,   0.780101,    0.007,
        81.4500,   0.784259,    0.007,
        81.5000,   0.788434,    0.007,
        81.5500,   0.792792,    0.007,
        81.6000,   0.796903,    0.007,
        81.6500,   0.801103,    0.007,
        81.7000,   0.805237,    0.007,
        81.7500,   0.809354,    0.007,
        81.8000,   0.813557,    0.006,
        81.8500,   0.817653,    0.006,
        81.9000,   0.821820,    0.006,
        81.9500,   0.825930,    0.005,
        82.0000,   0.830107,    0.005,
        82.0500,   0.834305,    0.005,
        82.1000,   0.838604,    0.005,
        82.1500,   0.842776,    0.005,
        82.2000,   0.846945,    0.005,
        82.2500,   0.851064,    0.003,
        82.3000,   0.855210,    0.002,
        82.3500,   0.859354,    0.002,
        82.4000,   0.863500,    0.002,
        82.4500,   0.867634,    0.002,
        82.5000,   0.871786,    0.002,
        82.5500,   0.875969,    0.002,
        82.6000,   0.880216,    0.002,
        82.6500,   0.884460,    0.002,
        82.7000,   0.888607,    0.002,
        82.7500,   0.892750,    0.002,
        82.8000,   0.896904,    0.002,
        82.8500,   0.901024,    0.002,
        82.9000,   0.905192,    0.001,
        82.9500,   0.909337,    0.001,
        83.0000,   0.913470,    0.002,
        83.0500,   0.917646,    0.001,
        83.1000,   0.921787,    0.001,
        83.1500,   0.926104,    0.001,
        83.2000,   0.930294,    0.001,
        83.2500,   0.934458,    0.001,
        83.3000,   0.938575,    0.001,
        83.3500,   0.942720,    0.002,
        83.4000,   0.946873,    0.001,
        83.4500,   0.951000,    0.001,
        83.5000,   0.955158,    0.001,
        83.5500,   0.959333,    0.001,
        83.6000,   0.963479,    0.001,
        83.6500,   0.967680,    0.001,
        83.7000,   0.971964,    0.001,
        83.7500,   0.976128,    0.001,
        83.8000,   0.980264,    0.001,
        83.8500,   0.984414,    0.001,
        83.9000,   0.988542,    0.001,
        83.9500,   0.992686,    0.001,
        84.0000,   0.996894,    0.001,
        84.0500,   1.000994,    0.001,
        84.1000,   1.005199,    0.001,
        84.1500,   1.009291,    0.001,
        84.2000,   1.013548,    0.001,
        84.2500,   1.017774,    0.001,
        84.3000,   1.021958,    0.001,
        84.3500,   1.026110,    0.001,
        84.4000,   1.030223,    0.001,
        84.4500,   1.034404,    0.001,
        84.5000,   1.038552,    0.001,
        84.5500,   1.042692,    0.001,
        84.6000,   1.046832,    0.001,
        84.6500,   1.050961,    0.001,
        84.7000,   1.055144,    0.001,
        84.7500,   1.059402,    0.001,
        84.8000,   1.063651,    0.001,
        84.8500,   1.067731,    0.001,
        84.9000,   1.071876,    0.001,
        84.9500,   1.076040,    0.001,
        85.0000,   1.080231,    0.001,
        85.0500,   1.084353,    0.001,
        85.1000,   1.088511,    0.001,
        85.1500,   1.092664,    0.001,
        85.2000,   1.096842,    0.001,
        85.2500,   1.100928,    0.001,
        85.3000,   1.105259,    0.001,
        85.3500,   1.109440,    0.001,
        85.4000,   1.113575,    0.001,
        85.4500,   1.117734,    0.001,
        85.5000,   1.121901,    0.001,
        85.5500,   1.126015,    0.001,
        85.6000,   1.130190,    0.001,
        85.6500,   1.134318,    0.001,
        85.7000,   1.138522,    0.001,
        85.7500,   1.142572,    0.001,
        85.8000,   1.146915,    0.001,
        85.8500,   1.151098,    0.001,
        85.9000,   1.155295,    0.001,
        85.9500,   1.159392,    0.001,
        86.0000,   1.163571,    0.001,
        86.0500,   1.167704,    0.001,
        86.1000,   1.171875,    0.001,
        86.1500,   1.175995,    0.001,
        86.2000,   1.180138,    0.001,
        86.2500,   1.184280,    0.001,
        86.3000,   1.188424,    0.001,
        86.3500,   1.192777,    0.001,
        86.4000,   1.196939,    0.001,
        86.4500,   1.201067,    0.001,
        86.5000,   1.205256,    0.001,
        86.5500,   1.209385,    0.001,
        86.6000,   1.213500,    0.001,
        86.6500,   1.217686,    0.001,
        86.7000,   1.221845,    0.001,
        86.7500,   1.225899,    0.001,
        86.8000,   1.230125,    0.001,
        86.8500,   1.234356,    0.001,
        86.9000,   1.238605,    0.001,
        86.9500,   1.242713,    0.001,
        87.0000,   1.246906,    0.001,
        87.0500,   1.251060,    0.001,
        87.1000,   1.255194,    0.001,
        87.1500,   1.259309,    0.001,
        87.2000,   1.263477,    0.001,
        87.2500,   1.267613,    0.001,
        87.3000,   1.271784,    0.001,
        87.3500,   1.275968,    0.001,
        87.4000,   1.280271,    0.001,
        87.4500,   1.284403,    0.001,
        87.5000,   1.288554,    0.001,
        87.5500,   1.292703,    0.001,
        87.6000,   1.296860,    0.001,
        87.6500,   1.300978,    0.001,
        87.7000,   1.305159,    0.001,
        87.7500,   1.309260,    0.001,
        87.8000,   1.313434,    0.001,
        87.8500,   1.317572,    0.001,
        87.9000,   1.321901,    0.001,
        87.9500,   1.326068,    0.001,
        88.0000,   1.330267,    0.001,
        88.0500,   1.334386,    0.001,
        88.1000,   1.338542,    0.001,
        88.1500,   1.342666,    0.001,
        88.2000,   1.346784,    0.001,
        88.2500,   1.350946,    0.001,
        88.3000,   1.355085,    0.001,
        88.3500,   1.359284,    0.001,
        88.4000,   1.363514,    0.001,
        88.4500,   1.367769,    0.001,
        88.5000,   1.371928,    0.001,
        88.5500,   1.376031,    0.001,
        88.6000,   1.380203,    0.001,
        88.6500,   1.384322,    0.001,
        88.7000,   1.388502,    0.001,
        88.7500,   1.392643,    0.001,
        88.8000,   1.396762,    0.001,
        88.8500,   1.400950,    0.001,
        88.9000,   1.405153,    0.001,
        88.9500,   1.409435,    0.001,
        89.0000,   1.413590,    0.001,
        89.0500,   1.417710,    0.001,
        89.1000,   1.421875,    0.001,
        89.1500,   1.426010,    0.001,
        89.2000,   1.430140,    0.001,
        89.2500,   1.434307,    0.001,
        89.3000,   1.438443,    0.001,
        89.3500,   1.442608,    0.001,
        89.4000,   1.446764,    0.001,
        89.4500,   1.451107,    0.001,
        89.5000,   1.455228,    0.001,
        89.5500,   1.459385,    0.001,
        89.6000,   1.463521,    0.001,
        89.6500,   1.467698,    0.001,
        89.7000,   1.471837,    0.001,
        89.7500,   1.475966,    0.001,
        89.8000,   1.480098,    0.001,
        89.8500,   1.484290,    0.001,
        89.9000,   1.488429,    0.001,
        89.9500,   1.492780,    0.001,
        90.0000,   1.496917,    0.001,
        90.0500,   1.501084,    0.001,
        90.1000,   1.505224,    0.001,
        90.1500,   1.509315,    0.001,
        90.2000,   1.513479,    0.001,
        90.2500,   1.517633,    0.001,
        90.3000,   1.521783,    0.001,
        90.3500,   1.525942,    0.001,
        90.4000,   1.530098,    0.001,
        90.4500,   1.534409,    0.001,
        90.5000,   1.538580,    0.001,
        90.5500,   1.542746,    0.001,
        90.6000,   1.546886,    0.001,
        90.6500,   1.551004,    0.001,
        90.7000,   1.555177,    0.001,
        90.7500,   1.559327,    0.001,
        90.8000,   1.563476,    0.001,
        90.8500,   1.567594,    0.001,
        90.9000,   1.571757,    0.001,
        90.9500,   1.576105,    0.001,
        91.0000,   1.580268,    0.001,
        91.0500,   1.584390,    0.001,
        91.1000,   1.588564,    0.001,
        91.1500,   1.592707,    0.001,
        91.2000,   1.596821,    0.001,
        91.2500,   1.600981,    0.001,
        91.3000,   1.605129,    0.001,
        91.3500,   1.609272,    0.001,
        91.4000,   1.613441,    0.001,
        91.4500,   1.617710,    0.001,
        91.5000,   1.621918,    0.001,
        91.5500,   1.626077,    0.001,
        91.6000,   1.630200,    0.001,
        91.6500,   1.634372,    0.001,
        91.7000,   1.638477,    0.001,
        91.7500,   1.642672,    0.001,
        91.8000,   1.646758,    0.001,
        91.8500,   1.650961,    0.001,
        91.9000,   1.655088,    0.001,
        91.9500,   1.659382,    0.001,
        92.0000,   1.663604,    0.001,
        92.0500,   1.667728,    0.001,
        92.1000,   1.671868,    0.001,
        92.1500,   1.675992,    0.001,
        92.2000,   1.680146,    0.001,
        92.2500,   1.684334,    0.001,
        92.3000,   1.688443,    0.001,
        92.3500,   1.692592,    0.001,
        92.4000,   1.696798,    0.001,
        92.4500,   1.701063,    0.001,
        92.5000,   1.705226,    0.000,
        92.5500,   1.709425,    0.000,
        92.6000,   1.713516,    0.001,
        92.6500,   1.717688,    0.001,
        92.7000,   1.721793,    0.001,
        92.7500,   1.725987,    0.001,
        92.8000,   1.730101,    0.001,
        92.8500,   1.734263,    0.000,
        92.9000,   1.738417,    0.001,
        92.9500,   1.742728,    0.001,
        93.0000,   1.746893,    0.001,
        93.0500,   1.751036,    0.001,
        93.1000,   1.755186,    0.001,
        93.1500,   1.759339,    0.001,
        93.2000,   1.763443,    0.001,
        93.2500,   1.767661,    0.001,
        93.3000,   1.771761,    0.001,
        93.3500,   1.775936,    0.000,
        93.4000,   1.780076,    0.001,
        93.4500,   1.784398,    0.001,
        93.5000,   1.788554,    0.001,
        93.5500,   1.792709,    0.001,
        93.6000,   1.796841,    0.001,
        93.6500,   1.801014,    0.001,
        93.7000,   1.805094,    0.000,
        93.7500,   1.809286,    0.001,
        93.8000,   1.813454,    0.001,
        93.8500,   1.817580,    0.001,
        93.9000,   1.821725,    0.001,
        93.9500,   1.826063,    0.001,
        94.0000,   1.830206,    0.000,
        94.0500,   1.834348,    0.001,
        94.1000,   1.838471,    0.000,
        94.1500,   1.842648,    0.001,
        94.2000,   1.846762,    0.001,
        94.2500,   1.850963,    0.001,
        94.3000,   1.855084,    0.001,
        94.3500,   1.859239,    0.000,
        94.4000,   1.863425,    0.001,
        94.4500,   1.867717,    0.001,
        94.5000,   1.871842,    0.000,
        94.5500,   1.876024,    0.000,
        94.6000,   1.880151,    0.000,
        94.6500,   1.884278,    0.001,
        94.7000,   1.888424,    0.000,
        94.7500,   1.892579,    0.000,
        94.8000,   1.896760,    0.000,
        94.8500,   1.900909,    0.000,
        94.9000,   1.905066,    0.000,
        94.9500,   1.909393,    0.000,
        95.0000,   1.913520,    0.000,
        95.0500,   1.917647,    0.000,
        95.1000,   1.921816,    0.001,
        95.1500,   1.925964,    0.001,
        95.2000,   1.930055,    0.001,
        95.2500,   1.934252,    0.001,
        95.3000,   1.938420,    0.000,
        95.3500,   1.942489,    0.000,
        95.4000,   1.946783,    0.000,
        95.4500,   1.951065,    0.000,
        95.5000,   1.955147,    0.000,
        95.5500,   1.959331,    0.000,
        95.6000,   1.963448,    0.000,
        95.6500,   1.967576,    0.000,
        95.7000,   1.971751,    0.001,
        95.7500,   1.975915,    0.001,
        95.8000,   1.980058,    0.001,
        95.8500,   1.984197,    0.000,
        95.9000,   1.988520,    0.000,
        95.9500,   1.992692,    0.001,
        96.0000,   1.996816,    0.001,
        96.0500,   2.000959,    0.001,
        96.1000,   2.005118,    0.000,
        96.1500,   2.009259,    0.000,
        96.2000,   2.013402,    0.000,
        96.2500,   2.017570,    0.000,
        96.3000,   2.021717,    0.000,
        96.3500,   2.025874,    0.000,
        96.4000,   2.030199,    0.000,
        96.4500,   2.034367,    0.000,
        96.5000,   2.038469,    0.000,
        96.5500,   2.042624,    0.000,
        96.6000,   2.046764,    0.000,
        96.6500,   2.050922,    0.000,
        96.7000,   2.055079,    0.000,
        96.7500,   2.059225,    0.000,
        96.8000,   2.063398,    0.000,
        96.8500,   2.067619,    0.000,
        96.9000,   2.071862,    0.000,
        96.9500,   2.075996,    0.000,
        97.0000,   2.080147,    0.000,
        97.0500,   2.084293,    0.000,
        97.1000,   2.088430,    0.000,
        97.1500,   2.092597,    0.001,
        97.2000,   2.096721,    0.000,
        97.2500,   2.100884,    0.000,
        97.3000,   2.105060,    0.000,
        97.3500,   2.109319,    0.000,
        97.4000,   2.113531,    0.000,
        97.4500,   2.117655,    0.000,
        97.5000,   2.121809,    0.000,
        97.5500,   2.125939,    0.000,
        97.6000,   2.130080,    0.000,
        97.6500,   2.134252,    0.000,
        97.7000,   2.138393,    0.000,
        97.7500,   2.142533,    0.000,
        97.8000,   2.146776,    0.000,
        97.8500,   2.151032,    0.000,
        97.9000,   2.155176,    0.000,
        97.9500,   2.159318,    0.000,
        98.0000,   2.163456,    0.000,
        98.0500,   2.167589,    0.000,
        98.1000,   2.171717,    0.000,
        98.1500,   2.175893,    0.000,
        98.2000,   2.180072,    0.000,
        98.2500,   2.184183,    0.000,
        98.3000,   2.188567,    0.000,
        98.3500,   2.192681,    0.000,
        98.4000,   2.196806,    0.000,
        98.4500,   2.200954,    0.000,
        98.5000,   2.205111,    0.000,
        98.5500,   2.209252,    0.000,
        98.6000,   2.213387,    0.000,
        98.6500,   2.217579,    0.000,
        98.7000,   2.221728,    0.000,
        98.7500,   2.225969,    0.000,
        98.8000,   2.230221,    0.000,
        98.8500,   2.234326,    0.000,
        98.9000,   2.238501,    0.000,
        98.9500,   2.242623,    0.000,
        99.0000,   2.246737,    0.000,
        99.0500,   2.250905,    0.000,
        99.1000,   2.255047,    0.000,
        99.1500,   2.259233,    0.000,
        99.2000,   2.263378,    0.000,
        99.2500,   2.266308,    0.000,
        99.3000,   2.266289,    0.000,
        99.3500,   2.266275,    0.000,
