Time,Displacement,Force
         0.0000,  -5.999744,   -0.058,
         0.0500,  -5.999284,   -0.058,
         0.1000,  -5.996588,   -0.057,
         0.1500,  -5.992716,   -0.056,
         0.2000,  -5.988553,   -0.055,
         0.2500,  -5.984390,   -0.054,
         0.3000,  -5.980199,   -0.053,
         0.3500,  -5.976002,   -0.051,
         0.4000,  -5.971903,   -0.051,
         0.4500,  -5.967699,   -0.049,
         0.5000,  -5.963523,   -0.049,
         0.5500,  -5.959262,   -0.047,
         0.6000,  -5.955119,   -0.047,
         0.6500,  -5.950984,   -0.046,
         0.7000,  -5.946810,   -0.045,
         0.7500,  -5.942754,   -0.044,
         0.8000,  -5.938355,   -0.043,
         0.8500,  -5.934203,   -0.042,
         0.9000,  -5.929987,   -0.041,
         0.9500,  -5.925840,   -0.040,
         1.0000,  -5.921560,   -0.039,
         1.0500,  -5.917513,   -0.038,
         1.1000,  -5.913312,   -0.037,
         1.1500,  -5.909019,   -0.037,
         1.2000,  -5.905017,   -0.035,
         1.2500,  -5.900762,   -0.035,
         1.3000,  -5.896624,   -0.033,
         1.3500,  -5.892438,   -0.033,
         1.4000,  -5.888245,   -0.031,
         1.4500,  -5.884076,   -0.030,
         1.5000,  -5.879988,   -0.030,
         1.5500,  -5.875788,   -0.028,
         1.6000,  -5.871407,   -0.028,
         1.6500,  -5.867308,   -0.027,
         1.7000,  -5.863052,   -0.026,
         1.7500,  -5.859006,   -0.024,
         1.8000,  -5.854828,   -0.024,
         1.8500,  -5.850589,   -0.023,
         1.9000,  -5.846448,   -0.022,
         1.9500,  -5.842370,   -0.021,
         2.0000,  -5.838093,   -0.020,
         2.0500,  -5.834051,   -0.019,
         2.1000,  -5.829879,   -0.018,
         2.1500,  -5.825616,   -0.017,
         2.2000,  -5.821559,   -0.016,
         2.2500,  -5.817303,   -0.015,
         2.3000,  -5.812997,   -0.014,
         2.3500,  -5.808828,   -0.013,
         2.4000,  -5.804664,   -0.012,
         2.4500,  -5.800471,   -0.011,
         2.5000,  -5.796314,   -0.010,
         2.5500,  -5.792196,   -0.009,
         2.6000,  -5.788068,   -0.008,
         2.6500,  -5.783778,   -0.007,
         2.7000,  -5.779720,   -0.006,
         2.7500,  -5.775490,   -0.005,
         2.8000,  -5.771511,   -0.004,
         2.8500,  -5.767154,   -0.003,
         2.9000,  -5.763122,   -0.002,
         2.9500,  -5.758949,   -0.001,
         3.0000,  -5.754623,    0.000,
         3.0500,  -5.750428,    0.001,
         3.1000,  -5.746171,    0.001,
         3.1500,  -5.742146,    0.003,
         3.2000,  -5.737962,    0.003,
         3.2500,  -5.733722,    0.005,
         3.3000,  -5.729656,    0.006,
         3.3500,  -5.725447,    0.007,
         3.4000,  -5.721353,    0.007,
         3.4500,  -5.717086,    0.009,
         3.5000,  -5.712987,    0.009,
         3.5500,  -5.708836,    0.011,
         3.6000,  -5.704673,    0.012,
         3.6500,  -5.700579,    0.013,
         3.7000,  -5.696260,    0.014,
         3.7500,  -5.691969,    0.015,
         3.8000,  -5.687804,    0.016,
         3.8500,  -5.683681,    0.017,
         3.9000,  -5.679584,    0.018,
         3.9500,  -5.675417,    0.020,
         4.0000,  -5.671253,    0.020,
         4.0500,  -5.667040,    0.022,
         4.1000,  -5.662872,    0.023,
         4.1500,  -5.658744,    0.024,
         4.2000,  -5.654605,    0.025,
         4.2500,  -5.650444,    0.026,
         4.3000,  -5.646314,    0.027,
         4.3500,  -5.642176,    0.028,
         4.4000,  -5.637828,    0.030,
         4.4500,  -5.633596,    0.030,
         4.5000,  -5.629508,    0.032,
         4.5500,  -5.625315,    0.033,
         4.6000,  -5.621233,    0.035,
         4.6500,  -5.617055,    0.035,
         4.7000,  -5.612733,    0.037,
         4.7500,  -5.608677,    0.038,
         4.8000,  -5.604590,    0.039,
         4.8500,  -5.600366,    0.040,
         4.9000,  -5.596180,    0.041,
         4.9500,  -5.592089,    0.043,
         5.0000,  -5.587971,    0.044,
         5.0500,  -5.583638,    0.045,
         5.1000,  -5.579407,    0.047,
         5.1500,  -5.575278,    0.047,
         5.2000,  -5.571092,    0.049,
         5.2500,  -5.566878,    0.049,
         5.3000,  -5.562849,    0.051,
         5.3500,  -5.558515,    0.053,
         5.4000,  -5.554405,    0.054,
         5.4500,  -5.550378,    0.055,
         5.5000,  -5.546126,    0.056,
         5.5500,  -5.542087,    0.058,
         5.6000,  -5.537856,    0.058,
         5.6500,  -5.533727,    0.060,
         5.7000,  -5.529416,    0.062,
         5.7500,  -5.525213,    0.062,
         5.8000,  -5.521024,    0.064,
         5.8500,  -5.516897,    0.065,
         5.9000,  -5.512732,    0.066,
         5.9500,  -5.508560,    0.068,
         6.0000,  -5.504410,    0.069,
         6.0500,  -5.500220,    0.070,
         6.1000,  -5.496092,    0.072,
         6.1500,  -5.491887,    0.073,
         6.2000,  -5.487787,    0.075,
         6.2500,  -5.483694,    0.076,
         6.3000,  -5.479435,    0.077,
         6.3500,  -5.475197,    0.079,
         6.4000,  -5.471033,    0.080,
         6.4500,  -5.466853,    0.081,
         6.5000,  -5.462662,    0.083,
         6.5500,  -5.458466,    0.084,
         6.6000,  -5.454326,    0.085,
         6.6500,  -5.450183,    0.087,
         6.7000,  -5.446049,    0.088,
         6.7500,  -5.441769,    0.089,
         6.8000,  -5.437644,    0.091,
         6.8500,  -5.433638,    0.092,
         6.9000,  -5.429401,    0.093,
         6.9500,  -5.425285,    0.095,
         7.0000,  -5.421050,    0.096,
         7.0500,  -5.416831,    0.098,
         7.1000,  -5.412497,    0.100,
         7.1500,  -5.408466,    0.101,
         7.2000,  -5.404316,    0.102,
         7.2500,  -5.400153,    0.104,
         7.3000,  -5.396020,    0.105,
         7.3500,  -5.391877,    0.106,
         7.4000,  -5.387595,    0.108,
         7.4500,  -5.383478,    0.110,
         7.5000,  -5.379374,    0.111,
         7.5500,  -5.375125,    0.112,
         7.6000,  -5.371089,    0.114,
         7.6500,  -5.366906,    0.116,
         7.7000,  -5.362551,    0.117,
         7.7500,  -5.358383,    0.119,
         7.8000,  -5.354121,    0.120,
         7.8500,  -5.350026,    0.122,
         7.9000,  -5.345966,    0.123,
         7.9500,  -5.341789,    0.125,
         8.0000,  -5.337573,    0.126,
         8.0500,  -5.333445,    0.128,
         8.1000,  -5.329322,    0.129,
         8.1500,  -5.325108,    0.131,
         8.2000,  -5.321004,    0.132,
         8.2500,  -5.316791,    0.134,
         8.3000,  -5.312528,    0.136,
         8.3500,  -5.308365,    0.137,
         8.4000,  -5.304257,    0.139,
         8.4500,  -5.299932,    0.140,
         8.5000,  -5.295846,    0.142,
         8.5500,  -5.291736,    0.143,
         8.6000,  -5.287558,    0.145,
         8.6500,  -5.283418,    0.147,
         8.7000,  -5.279248,    0.148,
         8.7500,  -5.275047,    0.150,
         8.8000,  -5.270948,    0.152,
         8.8500,  -5.266730,    0.154,
         8.9000,  -5.262546,    0.155,
         8.9500,  -5.258395,    0.157,
         9.0000,  -5.254087,    0.159,
         9.0500,  -5.250075,    0.161,
         9.1000,  -5.245875,    0.162,
         9.1500,  -5.241511,    0.164,
         9.2000,  -5.237666,    0.165,
         9.2500,  -5.233252,    0.167,
         9.3000,  -5.229131,    0.169,
         9.3500,  -5.224981,    0.170,
         9.4000,  -5.220945,    0.172,
         9.4500,  -5.216824,    0.174,
         9.5000,  -5.212596,    0.175,
         9.5500,  -5.208389,    0.178,
         9.6000,  -5.204126,    0.180,
         9.6500,  -5.199927,    0.182,
         9.7000,  -5.195836,    0.183,
         9.7500,  -5.191622,    0.185,
         9.8000,  -5.187447,    0.187,
         9.8500,  -5.183205,    0.189,
         9.9000,  -5.179201,    0.190,
         9.9500,  -5.174976,    0.192,
        10.0000,  -5.170962,    0.194,
        10.0500,  -5.166767,    0.196,
        10.1000,  -5.162499,    0.198,
        10.1500,  -5.158295,    0.200,
        10.2000,  -5.154164,    0.202,
        10.2500,  -5.149934,    0.204,
        10.3000,  -5.145637,    0.205,
        10.3500,  -5.141710,    0.207,
        10.4000,  -5.137477,    0.209,
        10.4500,  -5.133240,    0.211,
        10.5000,  -5.129156,    0.213,
        10.5500,  -5.124920,    0.215,
        10.6000,  -5.120893,    0.217,
        10.6500,  -5.116617,    0.219,
        10.7000,  -5.112584,    0.221,
        10.7500,  -5.108301,    0.223,
        10.8000,  -5.104236,    0.225,
        10.8500,  -5.099826,    0.227,
        10.9000,  -5.095710,    0.229,
        10.9500,  -5.091642,    0.231,
        11.0000,  -5.087389,    0.233,
        11.0500,  -5.083240,    0.235,
        11.1000,  -5.079125,    0.237,
        11.1500,  -5.074944,    0.239,
        11.2000,  -5.070847,    0.241,
        11.2500,  -5.066623,    0.243,
        11.3000,  -5.062473,    0.245,
        11.3500,  -5.058404,    0.247,
        11.4000,  -5.054178,    0.250,
        11.4500,  -5.049845,    0.252,
        11.5000,  -5.045631,    0.254,
        11.5500,  -5.041573,    0.256,
        11.6000,  -5.037365,    0.258,
        11.6500,  -5.033410,    0.260,
        11.7000,  -5.029116,    0.263,
        11.7500,  -5.024972,    0.265,
        11.8000,  -5.020706,    0.267,
        11.8500,  -5.016715,    0.270,
        11.9000,  -5.012526,    0.272,
        11.9500,  -5.008219,    0.274,
        12.0000,  -5.004189,    0.276,
        12.0500,  -4.999891,    0.278,
        12.1000,  -4.995649,    0.280,
        12.1500,  -4.991473,    0.283,
        12.2000,  -4.987345,    0.285,
        12.2500,  -4.983367,    0.287,
        12.3000,  -4.979013,    0.290,
        12.3500,  -4.975011,    0.292,
        12.4000,  -4.970836,    0.295,
        12.4500,  -4.966501,    0.297,
        12.5000,  -4.962362,    0.299,
        12.5500,  -4.958436,    0.301,
        12.6000,  -4.954177,    0.304,
        12.6500,  -4.949737,    0.307,
        12.7000,  -4.945715,    0.309,
        12.7500,  -4.941450,    0.312,
        12.8000,  -4.937432,    0.314,
        12.8500,  -4.933128,    0.316,
        12.9000,  -4.929050,    0.318,
        12.9500,  -4.924907,    0.322,
        13.0000,  -4.920779,    0.324,
        13.0500,  -4.916516,    0.327,
        13.1000,  -4.912444,    0.329,
        13.1500,  -4.908312,    0.331,
        13.2000,  -4.904012,    0.334,
        13.2500,  -4.899790,    0.337,
        13.3000,  -4.895659,    0.339,
        13.3500,  -4.891539,    0.341,
        13.4000,  -4.887302,    0.345,
        13.4500,  -4.883214,    0.347,
        13.5000,  -4.878983,    0.350,
        13.5500,  -4.874875,    0.352,
        13.6000,  -4.870798,    0.355,
        13.6500,  -4.866493,    0.358,
        13.7000,  -4.862528,    0.360,
        13.7500,  -4.858231,    0.362,
        13.8000,  -4.854018,    0.365,
        13.8500,  -4.849879,    0.368,
        13.9000,  -4.845593,    0.371,
        13.9500,  -4.841495,    0.373,
        14.0000,  -4.837236,    0.377,
        14.0500,  -4.833232,    0.379,
        14.1000,  -4.828945,    0.382,
        14.1500,  -4.824813,    0.385,
        14.2000,  -4.820877,    0.388,
        14.2500,  -4.816532,    0.390,
        14.3000,  -4.812482,    0.393,
        14.3500,  -4.808121,    0.396,
        14.4000,  -4.804000,    0.398,
        14.4500,  -4.799685,    0.402,
        14.5000,  -4.795646,    0.404,
        14.5500,  -4.791413,    0.407,
        14.6000,  -4.787285,    0.410,
        14.6500,  -4.783101,    0.413,
        14.7000,  -4.779007,    0.415,
        14.7500,  -4.774819,    0.418,
        14.8000,  -4.770764,    0.421,
        14.8500,  -4.766504,    0.424,
        14.9000,  -4.762328,    0.427,
        14.9500,  -4.758268,    0.430,
        15.0000,  -4.753790,    0.433,
        15.0500,  -4.749805,    0.436,
        15.1000,  -4.745517,    0.438,
        15.1500,  -4.741433,    0.441,
        15.2000,  -4.737212,    0.444,
        15.2500,  -4.733150,    0.447,
        15.3000,  -4.728943,    0.451,
        15.3500,  -4.724774,    0.453,
        15.4000,  -4.720701,    0.456,
        15.4500,  -4.716573,    0.459,
        15.5000,  -4.712357,    0.462,
        15.5500,  -4.708064,    0.465,
        15.6000,  -4.703828,    0.469,
        15.6500,  -4.699706,    0.472,
        15.7000,  -4.695537,    0.475,
        15.7500,  -4.691283,    0.478,
        15.8000,  -4.687228,    0.480,
        15.8500,  -4.683149,    0.484,
        15.9000,  -4.678892,    0.486,
        15.9500,  -4.674687,    0.489,
        16.0000,  -4.670794,    0.492,
        16.0500,  -4.666439,    0.495,
        16.1000,  -4.662278,    0.498,
        16.1500,  -4.657959,    0.501,
        16.2000,  -4.653935,    0.504,
        16.2500,  -4.649803,    0.507,
        16.3000,  -4.645400,    0.511,
        16.3500,  -4.641338,    0.514,
        16.4000,  -4.637405,    0.516,
        16.4500,  -4.632935,    0.520,
        16.5000,  -4.628986,    0.522,
        16.5500,  -4.624830,    0.525,
        16.6000,  -4.620469,    0.528,
        16.6500,  -4.616428,    0.532,
        16.7000,  -4.612202,    0.535,
        16.7500,  -4.607954,    0.538,
        16.8000,  -4.603932,    0.541,
        16.8500,  -4.599740,    0.544,
        16.9000,  -4.595509,    0.547,
        16.9500,  -4.591379,    0.549,
        17.0000,  -4.587090,    0.553,
        17.0500,  -4.582946,    0.556,
        17.1000,  -4.578964,    0.559,
        17.1500,  -4.574800,    0.562,
        17.2000,  -4.570627,    0.565,
        17.2500,  -4.566316,    0.568,
        17.3000,  -4.562183,    0.571,
        17.3500,  -4.557966,    0.574,
        17.4000,  -4.553774,    0.577,
        17.4500,  -4.549621,    0.580,
        17.5000,  -4.545526,    0.583,
        17.5500,  -4.541451,    0.585,
        17.6000,  -4.537139,    0.589,
        17.6500,  -4.533134,    0.592,
        17.7000,  -4.528769,    0.595,
        17.7500,  -4.524782,    0.598,
        17.8000,  -4.520575,    0.601,
        17.8500,  -4.516288,    0.604,
        17.9000,  -4.512077,    0.607,
        17.9500,  -4.507983,    0.610,
        18.0000,  -4.503808,    0.613,
        18.0500,  -4.499672,    0.616,
        18.1000,  -4.495543,    0.619,
        18.1500,  -4.491382,    0.622,
        18.2000,  -4.487056,    0.625,
        18.2500,  -4.482987,    0.627,
        18.3000,  -4.478998,    0.629,
        18.3500,  -4.474748,    0.633,
        18.4000,  -4.470638,    0.636,
        18.4500,  -4.466211,    0.640,
        18.5000,  -4.462130,    0.642,
        18.5500,  -4.457982,    0.646,
        18.6000,  -4.453843,    0.648,
        18.6500,  -4.449594,    0.652,
        18.7000,  -4.445537,    0.655,
        18.7500,  -4.441290,    0.659,
        18.8000,  -4.437261,    0.661,
        18.8500,  -4.433091,    0.665,
        18.9000,  -4.428826,    0.667,
        18.9500,  -4.424709,    0.669,
        19.0000,  -4.420454,    0.672,
        19.0500,  -4.416346,    0.675,
        19.1000,  -4.412011,    0.678,
        19.1500,  -4.407984,    0.681,
        19.2000,  -4.403701,    0.684,
        19.2500,  -4.399718,    0.687,
        19.3000,  -4.395601,    0.690,
        19.3500,  -4.391308,    0.694,
        19.4000,  -4.387163,    0.697,
        19.4500,  -4.383018,    0.700,
        19.5000,  -4.378906,    0.703,
        19.5500,  -4.374750,    0.706,
        19.6000,  -4.370344,    0.710,
        19.6500,  -4.366217,    0.713,
        19.7000,  -4.362071,    0.716,
        19.7500,  -4.358017,    0.719,
        19.8000,  -4.353861,    0.722,
        19.8500,  -4.349554,    0.726,
        19.9000,  -4.345455,    0.728,
        19.9500,  -4.341394,    0.731,
        20.0000,  -4.337167,    0.734,
        20.0500,  -4.333072,    0.738,
        20.1000,  -4.328915,    0.741,
        20.1500,  -4.324476,    0.744,
        20.2000,  -4.320432,    0.747,
        20.2500,  -4.316307,    0.751,
        20.3000,  -4.312116,    0.754,
        20.3500,  -4.308017,    0.757,
        20.4000,  -4.303722,    0.761,
        20.4500,  -4.299633,    0.764,
        20.5000,  -4.295541,    0.768,
        20.5500,  -4.291351,    0.771,
        20.6000,  -4.287141,    0.774,
        20.6500,  -4.283059,    0.778,
        20.7000,  -4.278737,    0.781,
        20.7500,  -4.274580,    0.784,
        20.8000,  -4.270311,    0.787,
        20.8500,  -4.266320,    0.790,
        20.9000,  -4.262155,    0.793,
        20.9500,  -4.257939,    0.796,
        21.0000,  -4.253772,    0.799,
        21.0500,  -4.249643,    0.801,
        21.1000,  -4.245453,    0.805,
        21.1500,  -4.241306,    0.807,
        21.2000,  -4.237262,    0.810,
        21.2500,  -4.232896,    0.813,
        21.3000,  -4.228745,    0.816,
        21.3500,  -4.224461,    0.817,
        21.4000,  -4.220219,    0.806,
        21.4500,  -4.216103,    0.791,
        21.5000,  -4.212015,    0.791,
        21.5500,  -4.207849,    0.793,
        21.6000,  -4.203795,    0.794,
        21.6500,  -4.199610,    0.797,
        21.7000,  -4.195550,    0.801,
        21.7500,  -4.191365,    0.804,
        21.8000,  -4.187184,    0.808,
        21.8500,  -4.182804,    0.811,
        21.9000,  -4.178671,    0.814,
        21.9500,  -4.174567,    0.817,
        22.0000,  -4.170377,    0.820,
        22.0500,  -4.166368,    0.822,
        22.1000,  -4.162124,    0.825,
        22.1500,  -4.157880,    0.827,
        22.2000,  -4.153705,    0.829,
        22.2500,  -4.149646,    0.832,
        22.3000,  -4.145555,    0.836,
        22.3500,  -4.141333,    0.840,
        22.4000,  -4.136966,    0.844,
        22.4500,  -4.132881,    0.846,
        22.5000,  -4.128709,    0.850,
        22.5500,  -4.124537,    0.854,
        22.6000,  -4.120364,    0.856,
        22.6500,  -4.116226,    0.859,
        22.7000,  -4.112100,    0.863,
        22.7500,  -4.107996,    0.867,
        22.8000,  -4.103693,    0.870,
        22.8500,  -4.099684,    0.873,
        22.9000,  -4.095515,    0.877,
        22.9500,  -4.091291,    0.881,
        23.0000,  -4.086909,    0.885,
        23.0500,  -4.082853,    0.888,
        23.1000,  -4.078661,    0.892,
        23.1500,  -4.074564,    0.895,
        23.2000,  -4.070389,    0.898,
        23.2500,  -4.066291,    0.902,
        23.3000,  -4.062166,    0.907,
        23.3500,  -4.057852,    0.911,
        23.4000,  -4.053746,    0.914,
        23.4500,  -4.049693,    0.918,
        23.5000,  -4.045405,    0.922,
        23.5500,  -4.041159,    0.925,
        23.6000,  -4.036988,    0.930,
        23.6500,  -4.032758,    0.933,
        23.7000,  -4.028683,    0.936,
        23.7500,  -4.024573,    0.939,
        23.8000,  -4.020396,    0.942,
        23.8500,  -4.016267,    0.946,
        23.9000,  -4.012083,    0.949,
        23.9500,  -4.007964,    0.952,
        24.0000,  -4.003728,    0.955,
        24.0500,  -3.999537,    0.959,
        24.1000,  -3.995413,    0.961,
        24.1500,  -3.991036,    0.962,
        24.2000,  -3.986975,    0.963,
        24.2500,  -3.982813,    0.966,
        24.3000,  -3.978680,    0.970,
        24.3500,  -3.974564,    0.972,
        24.4000,  -3.970365,    0.976,
        24.4500,  -3.966208,    0.980,
        24.5000,  -3.961993,    0.983,
        24.5500,  -3.958046,    0.986,
        24.6000,  -3.953768,    0.991,
        24.6500,  -3.949501,    0.995,
        24.7000,  -3.945366,    0.998,
        24.7500,  -3.941122,    1.001,
        24.8000,  -3.937007,    1.004,
        24.8500,  -3.932705,    1.009,
        24.9000,  -3.928743,    1.012,
        24.9500,  -3.924582,    1.016,
        25.0000,  -3.920364,    1.020,
        25.0500,  -3.916322,    1.023,
        25.1000,  -3.912090,    1.027,
        25.1500,  -3.907848,    1.030,
        25.2000,  -3.903744,    1.031,
        25.2500,  -3.899467,    1.035,
        25.3000,  -3.895220,    1.039,
        25.3500,  -3.891123,    1.043,
        25.4000,  -3.886985,    1.047,
        25.4500,  -3.882963,    1.051,
        25.5000,  -3.878701,    1.056,
        25.5500,  -3.874484,    1.060,
        25.6000,  -3.870300,    1.064,
        25.6500,  -3.866317,    1.068,
        25.7000,  -3.862153,    1.072,
        25.7500,  -3.857839,    1.076,
        25.8000,  -3.853661,    1.081,
        25.8500,  -3.849452,    1.085,
        25.9000,  -3.845335,    1.089,
        25.9500,  -3.841196,    1.094,
        26.0000,  -3.837025,    1.098,
        26.0500,  -3.832811,    1.102,
        26.1000,  -3.828735,    1.106,
        26.1500,  -3.824558,    1.110,
        26.2000,  -3.820420,    1.115,
        26.2500,  -3.816278,    1.119,
        26.3000,  -3.812090,    1.123,
        26.3500,  -3.807870,    1.127,
        26.4000,  -3.803595,    1.131,
        26.4500,  -3.799413,    1.136,
        26.5000,  -3.795326,    1.140,
        26.5500,  -3.791162,    1.144,
        26.6000,  -3.786984,    1.148,
        26.6500,  -3.782801,    1.152,
        26.7000,  -3.778746,    1.156,
        26.7500,  -3.774591,    1.161,
        26.8000,  -3.770436,    1.166,
        26.8500,  -3.766200,    1.170,
        26.9000,  -3.762030,    1.174,
        26.9500,  -3.757809,    1.178,
        27.0000,  -3.753610,    1.181,
        27.0500,  -3.749425,    1.184,
        27.1000,  -3.745369,    1.186,
        27.1500,  -3.741136,    1.190,
        27.2000,  -3.737039,    1.194,
        27.2500,  -3.732890,    1.198,
        27.3000,  -3.728728,    1.202,
        27.3500,  -3.724596,    1.206,
        27.4000,  -3.720354,    1.210,
        27.4500,  -3.716241,    1.211,
        27.5000,  -3.711911,    1.215,
        27.5500,  -3.707754,    1.220,
        27.6000,  -3.703683,    1.224,
        27.6500,  -3.699438,    1.229,
        27.7000,  -3.695271,    1.234,
        27.7500,  -3.691120,    1.238,
        27.8000,  -3.687097,    1.243,
        27.8500,  -3.682985,    1.247,
        27.9000,  -3.678755,    1.252,
        27.9500,  -3.674557,    1.257,
        28.0000,  -3.670385,    1.262,
        28.0500,  -3.666216,    1.268,
        28.1000,  -3.661959,    1.273,
        28.1500,  -3.657797,    1.278,
        28.2000,  -3.653615,    1.283,
        28.2500,  -3.649471,    1.289,
        28.3000,  -3.645253,    1.293,
        28.3500,  -3.641186,    1.297,
        28.4000,  -3.636978,    1.301,
        28.4500,  -3.632827,    1.307,
        28.5000,  -3.628761,    1.310,
        28.5500,  -3.624067,    1.292,
        28.6000,  -3.620058,    1.266,
        28.6500,  -3.616076,    1.271,
        28.7000,  -3.611783,    1.272,
        28.7500,  -3.607753,    1.274,
        28.8000,  -3.603524,    1.277,
        28.8500,  -3.599417,    1.280,
        28.9000,  -3.595320,    1.282,
        28.9500,  -3.591167,    1.285,
        29.0000,  -3.587104,    1.290,
        29.0500,  -3.582867,    1.294,
        29.1000,  -3.578686,    1.299,
        29.1500,  -3.574467,    1.301,
        29.2000,  -3.570324,    1.304,
        29.2500,  -3.566010,    1.308,
        29.3000,  -3.561923,    1.311,
        29.3500,  -3.557754,    1.315,
        29.4000,  -3.553496,    1.319,
        29.4500,  -3.549455,    1.322,
        29.5000,  -3.545239,    1.326,
        29.5500,  -3.541205,    1.330,
        29.6000,  -3.537025,    1.335,
        29.6500,  -3.532820,    1.339,
        29.7000,  -3.528731,    1.344,
        29.7500,  -3.524526,    1.349,
        29.8000,  -3.520263,    1.353,
        29.8500,  -3.515976,    1.358,
        29.9000,  -3.511800,    1.362,
        29.9500,  -3.507802,    1.366,
        30.0000,  -3.503610,    1.370,
        30.0500,  -3.499453,    1.375,
        30.1000,  -3.495278,    1.379,
        30.1500,  -3.491083,    1.383,
        30.2000,  -3.486889,    1.388,
        30.2500,  -3.482821,    1.392,
        30.3000,  -3.478727,    1.395,
        30.3500,  -3.474384,    1.399,
        30.4000,  -3.470264,    1.402,
        30.4500,  -3.465977,    1.406,
        30.5000,  -3.461739,    1.409,
        30.5500,  -3.457811,    1.411,
        30.6000,  -3.453573,    1.416,
        30.6500,  -3.449366,    1.421,
        30.7000,  -3.445335,    1.424,
        30.7500,  -3.440958,    1.426,
        30.8000,  -3.436979,    1.427,
        30.8500,  -3.432871,    1.430,
        30.9000,  -3.428609,    1.434,
        30.9500,  -3.424307,    1.438,
        31.0000,  -3.420151,    1.442,
        31.0500,  -3.416049,    1.445,
        31.1000,  -3.411830,    1.448,
        31.1500,  -3.407713,    1.451,
        31.2000,  -3.403566,    1.455,
        31.2500,  -3.399398,    1.460,
        31.3000,  -3.395277,    1.465,
        31.3500,  -3.391099,    1.469,
        31.4000,  -3.386915,    1.467,
        31.4500,  -3.382700,    1.470,
        31.5000,  -3.378563,    1.472,
        31.5500,  -3.374341,    1.476,
        31.6000,  -3.370168,    1.480,
        31.6500,  -3.366009,    1.484,
        31.7000,  -3.361870,    1.488,
        31.7500,  -3.357593,    1.493,
        31.8000,  -3.353602,    1.495,
        31.8500,  -3.349376,    1.497,
        31.9000,  -3.345212,    1.499,
        31.9500,  -3.341072,    1.503,
        32.0000,  -3.336870,    1.507,
        32.0500,  -3.332817,    1.510,
        32.1000,  -3.327456,    1.471,
        32.1500,  -3.322635,    1.363,
        32.2000,  -3.319684,    1.323,
        32.2500,  -3.315909,    1.319,
        32.3000,  -3.311677,    1.320,
        32.3500,  -3.307693,    1.323,
        32.4000,  -3.303538,    1.327,
        32.4500,  -3.299435,    1.331,
        32.5000,  -3.295273,    1.336,
        32.5500,  -3.291052,    1.341,
        32.6000,  -3.286901,    1.346,
        32.6500,  -3.282701,    1.352,
        32.7000,  -3.278661,    1.357,
        32.7500,  -3.274357,    1.363,
        32.8000,  -3.270155,    1.369,
        32.8500,  -3.266010,    1.375,
        32.9000,  -3.261880,    1.381,
        32.9500,  -3.257730,    1.388,
        33.0000,  -3.253510,    1.394,
        33.0500,  -3.249462,    1.399,
        33.1000,  -3.245305,    1.404,
        33.1500,  -3.241047,    1.410,
        33.2000,  -3.236998,    1.415,
        33.2500,  -3.232760,    1.418,
        33.3000,  -3.228527,    1.418,
        33.3500,  -3.224292,    1.423,
        33.4000,  -3.220125,    1.428,
        33.4500,  -3.215948,    1.431,
        33.5000,  -3.211857,    1.436,
        33.5500,  -3.207743,    1.440,
        33.6000,  -3.203525,    1.445,
        33.6500,  -3.199482,    1.450,
        33.7000,  -3.195303,    1.455,
        33.7500,  -3.191065,    1.459,
        33.8000,  -3.186848,    1.459,
        33.8500,  -3.182742,    1.461,
        33.9000,  -3.178652,    1.465,
        33.9500,  -3.174170,    1.471,
        34.0000,  -3.170148,    1.475,
        34.0500,  -3.166074,    1.479,
        34.1000,  -3.161836,    1.484,
        34.1500,  -3.157718,    1.488,
        34.2000,  -3.153486,    1.493,
        34.2500,  -3.149480,    1.497,
        34.3000,  -3.145247,    1.501,
        34.3500,  -3.140950,    1.500,
        34.4000,  -3.136463,    1.471,
        34.4500,  -3.132570,    1.459,
        34.5000,  -3.128413,    1.453,
        34.5500,  -3.124195,    1.454,
        34.6000,  -3.120189,    1.454,
        34.6500,  -3.115933,    1.457,
        34.7000,  -3.111802,    1.460,
        34.7500,  -3.107674,    1.463,
        34.8000,  -3.103583,    1.467,
        34.8500,  -3.099402,    1.472,
        34.9000,  -3.095223,    1.476,
        34.9500,  -3.091035,    1.478,
        35.0000,  -3.086887,    1.482,
        35.0500,  -3.082881,    1.487,
        35.1000,  -3.078547,    1.493,
        35.1500,  -3.074320,    1.499,
        35.2000,  -3.070110,    1.506,
        35.2500,  -3.065967,    1.513,
        35.3000,  -3.061915,    1.519,
        35.3500,  -3.057736,    1.525,
        35.4000,  -3.053567,    1.531,
        35.4500,  -3.049103,    1.526,
        35.5000,  -3.045271,    1.526,
        35.5500,  -3.041017,    1.526,
        35.6000,  -3.036943,    1.530,
        35.6500,  -3.032721,    1.530,
        35.7000,  -3.028448,    1.528,
        35.7500,  -3.024270,    1.535,
        35.8000,  -3.020104,    1.540,
        35.8500,  -3.015994,    1.545,
        35.9000,  -3.011868,    1.551,
        35.9500,  -3.007729,    1.557,
        36.0000,  -3.003556,    1.562,
        36.0500,  -2.999430,    1.568,
        36.1000,  -2.995178,    1.574,
        36.1500,  -2.991045,    1.579,
        36.2000,  -2.986979,    1.583,
        36.2500,  -2.982782,    1.585,
        36.3000,  -2.978478,    1.586,
        36.3500,  -2.974014,    1.582,
        36.4000,  -2.969934,    1.572,
        36.4500,  -2.965872,    1.566,
        36.5000,  -2.961685,    1.564,
        36.5500,  -2.957688,    1.564,
        36.6000,  -2.953381,    1.565,
        36.6500,  -2.949299,    1.561,
        36.7000,  -2.945101,    1.562,
        36.7500,  -2.940944,    1.564,
        36.8000,  -2.936928,    1.566,
        36.8500,  -2.932763,    1.570,
        36.9000,  -2.928565,    1.573,
        36.9500,  -2.924065,    1.579,
        37.0000,  -2.920266,    1.583,
        37.0500,  -2.915963,    1.588,
        37.1000,  -2.911808,    1.594,
        37.1500,  -2.907583,    1.600,
        37.2000,  -2.903592,    1.605,
        37.2500,  -2.899400,    1.611,
        37.3000,  -2.895093,    1.617,
        37.3500,  -2.891088,    1.623,
        37.4000,  -2.886933,    1.628,
        37.4500,  -2.882735,    1.634,
        37.5000,  -2.878672,    1.639,
        37.5500,  -2.874261,    1.646,
        37.6000,  -2.869930,    1.649,
        37.6500,  -2.865785,    1.644,
        37.7000,  -2.861754,    1.645,
        37.7500,  -2.857365,    1.640,
        37.8000,  -2.853214,    1.631,
        37.8500,  -2.849202,    1.625,
        37.9000,  -2.845089,    1.625,
        37.9500,  -2.840955,    1.625,
        38.0000,  -2.836853,    1.627,
        38.0500,  -2.832733,    1.631,
        38.1000,  -2.828549,    1.635,
        38.1500,  -2.824255,    1.639,
        38.2000,  -2.819879,    1.639,
        38.2500,  -2.815718,    1.630,
        38.3000,  -2.811629,    1.630,
        38.3500,  -2.807685,    1.633,
        38.4000,  -2.803570,    1.640,
        38.4500,  -2.799319,    1.647,
        38.5000,  -2.795215,    1.653,
        38.5500,  -2.790949,    1.660,
        38.6000,  -2.786774,    1.663,
        38.6500,  -2.782734,    1.670,
        38.7000,  -2.778575,    1.678,
        38.7500,  -2.774415,    1.686,
        38.8000,  -2.769996,    1.694,
        38.8500,  -2.766010,    1.699,
        38.9000,  -2.761830,    1.705,
        38.9500,  -2.757595,    1.712,
        39.0000,  -2.753424,    1.720,
        39.0500,  -2.749343,    1.726,
        39.1000,  -2.745076,    1.730,
        39.1500,  -2.741023,    1.736,
        39.2000,  -2.736816,    1.744,
        39.2500,  -2.732812,    1.751,
        39.3000,  -2.728505,    1.758,
        39.3500,  -2.724246,    1.759,
        39.4000,  -2.719937,    1.762,
        39.4500,  -2.715843,    1.763,
        39.5000,  -2.711686,    1.762,
        39.5500,  -2.707581,    1.766,
        39.6000,  -2.703463,    1.772,
        39.6500,  -2.699225,    1.778,
        39.7000,  -2.695180,    1.785,
        39.7500,  -2.691072,    1.792,
        39.8000,  -2.686884,    1.802,
        39.8500,  -2.682634,    1.810,
        39.9000,  -2.678673,    1.818,
        39.9500,  -2.674336,    1.828,
        40.0000,  -2.670242,    1.837,
        40.0500,  -2.665892,    1.847,
        40.1000,  -2.661755,    1.856,
        40.1500,  -2.657664,    1.865,
        40.2000,  -2.653482,    1.874,
        40.2500,  -2.649279,    1.883,
        40.3000,  -2.645157,    1.892,
        40.3500,  -2.641045,    1.901,
        40.4000,  -2.636856,    1.911,
        40.4500,  -2.632720,    1.921,
        40.5000,  -2.628621,    1.929,
        40.5500,  -2.624397,    1.939,
        40.6000,  -2.620248,    1.948,
        40.6500,  -2.615865,    1.959,
        40.7000,  -2.611803,    1.967,
        40.7500,  -2.607606,    1.977,
        40.8000,  -2.603361,    1.984,
        40.8500,  -2.599362,    1.993,
        40.9000,  -2.595149,    2.002,
        40.9500,  -2.590979,    2.012,
        41.0000,  -2.586860,    2.020,
        41.0500,  -2.582694,    2.028,
        41.1000,  -2.578438,    2.037,
        41.1500,  -2.574385,    2.045,
        41.2000,  -2.570349,    2.052,
        41.2500,  -2.565942,    2.064,
        41.3000,  -2.561733,    2.073,
        41.3500,  -2.557655,    2.082,
        41.4000,  -2.553406,    2.091,
        41.4500,  -2.549296,    2.100,
        41.5000,  -2.545253,    2.109,
        41.5500,  -2.540995,    2.119,
        41.6000,  -2.536843,    2.129,
        41.6500,  -2.532756,    2.139,
        41.7000,  -2.528526,    2.150,
        41.7500,  -2.524379,    2.159,
        41.8000,  -2.520225,    2.169,
        41.8500,  -2.516028,    2.175,
        41.9000,  -2.511849,    2.184,
        41.9500,  -2.507549,    2.192,
        42.0000,  -2.503507,    2.202,
        42.0500,  -2.499311,    2.212,
        42.1000,  -2.495121,    2.223,
        42.1500,  -2.491077,    2.231,
        42.2000,  -2.486823,    2.241,
        42.2500,  -2.482682,    2.250,
        42.3000,  -2.478548,    2.260,
        42.3500,  -2.474412,    2.271,
        42.4000,  -2.470229,    2.281,
        42.4500,  -2.466050,    2.291,
        42.5000,  -2.462006,    2.301,
        42.5500,  -2.457632,    2.312,
        42.6000,  -2.453433,    2.323,
        42.6500,  -2.449224,    2.333,
        42.7000,  -2.445193,    2.341,
        42.7500,  -2.441035,    2.351,
        42.8000,  -2.436569,    2.350,
        42.8500,  -2.429912,    2.194,
        42.9000,  -2.427813,    2.148,
        42.9500,  -2.423451,    2.079,
        43.0000,  -2.420179,    2.077,
        43.0500,  -2.415955,    2.079,
        43.1000,  -2.411881,    2.081,
        43.1500,  -2.407713,    2.089,
        43.2000,  -2.403407,    2.099,
        43.2500,  -2.399380,    2.108,
        43.3000,  -2.395023,    2.119,
        43.3500,  -2.391083,    2.129,
        43.4000,  -2.386808,    2.141,
        43.4500,  -2.382725,    2.152,
        43.5000,  -2.378563,    2.164,
        43.5500,  -2.374441,    2.176,
        43.6000,  -2.370281,    2.188,
        43.6500,  -2.366162,    2.200,
        43.7000,  -2.361926,    2.212,
        43.7500,  -2.357808,    2.224,
        43.8000,  -2.353475,    2.236,
        43.8500,  -2.349172,    2.241,
        43.9000,  -2.345120,    2.251,
        43.9500,  -2.340554,    2.241,
        44.0000,  -2.336854,    2.243,
        44.0500,  -2.332697,    2.255,
        44.1000,  -2.328551,    2.266,
        44.1500,  -2.324355,    2.277,
        44.2000,  -2.320215,    2.289,
        44.2500,  -2.316136,    2.300,
        44.3000,  -2.311964,    2.312,
        44.3500,  -2.307753,    2.325,
        44.4000,  -2.303605,    2.337,
        44.4500,  -2.299382,    2.350,
        44.5000,  -2.295109,    2.362,
        44.5500,  -2.291044,    2.373,
        44.6000,  -2.286829,    2.386,
        44.6500,  -2.282658,    2.398,
        44.7000,  -2.278578,    2.411,
        44.7500,  -2.274388,    2.423,
        44.8000,  -2.270122,    2.436,
        44.8500,  -2.266112,    2.447,
        44.9000,  -2.261860,    2.461,
        44.9500,  -2.257770,    2.473,
        45.0000,  -2.253641,    2.485,
        45.0500,  -2.249438,    2.497,
        45.1000,  -2.245131,    2.509,
        45.1500,  -2.240788,    2.514,
        45.2000,  -2.236837,    2.525,
        45.2500,  -2.232642,    2.538,
        45.3000,  -2.228543,    2.551,
        45.3500,  -2.224346,    2.564,
        45.4000,  -2.220191,    2.577,
        45.4500,  -2.216082,    2.590,
        45.5000,  -2.211889,    2.603,
        45.5500,  -2.207809,    2.616,
        45.6000,  -2.203674,    2.629,
        45.6500,  -2.199361,    2.644,
        45.7000,  -2.195286,    2.655,
        45.7500,  -2.190896,    2.667,
        45.8000,  -2.185870,    2.627,
        45.8500,  -2.182360,    2.609,
        45.9000,  -2.178389,    2.615,
        45.9500,  -2.174251,    2.625,
        46.0000,  -2.170035,    2.634,
        46.0500,  -2.165959,    2.643,
        46.1000,  -2.161832,    2.654,
        46.1500,  -2.157693,    2.665,
        46.2000,  -2.153484,    2.674,
        46.2500,  -2.149281,    2.681,
        46.3000,  -2.145257,    2.688,
        46.3500,  -2.141009,    2.692,
        46.4000,  -2.136764,    2.703,
        46.4500,  -2.132469,    2.713,
        46.5000,  -2.128484,    2.722,
        46.5500,  -2.124267,    2.734,
        46.6000,  -2.120211,    2.745,
        46.6500,  -2.115880,    2.759,
        46.7000,  -2.111897,    2.770,
        46.7500,  -2.107761,    2.784,
        46.8000,  -2.103557,    2.797,
        46.8500,  -2.099450,    2.810,
        46.9000,  -2.095195,    2.825,
        46.9500,  -2.091084,    2.838,
        47.0000,  -2.087020,    2.851,
        47.0500,  -2.082515,    2.867,
        47.1000,  -2.078520,    2.879,
        47.1500,  -2.074275,    2.892,
        47.2000,  -2.070200,    2.904,
        47.2500,  -2.065971,    2.919,
        47.3000,  -2.061823,    2.932,
        47.3500,  -2.057652,    2.944,
        47.4000,  -2.053511,    2.957,
        47.4500,  -2.049384,    2.970,
        47.5000,  -2.045320,    2.983,
        47.5500,  -2.041089,    2.997,
        47.6000,  -2.036873,    3.012,
        47.6500,  -2.032771,    3.025,
        47.7000,  -2.028380,    3.039,
        47.7500,  -2.024256,    3.052,
        47.8000,  -2.020220,    3.065,
        47.8500,  -2.016035,    3.080,
        47.9000,  -2.011861,    3.095,
        47.9500,  -2.007714,    3.109,
        48.0000,  -2.003487,    3.123,
        48.0500,  -1.999428,    3.137,
        48.1000,  -1.995258,    3.150,
        48.1500,  -1.991005,    3.161,
        48.2000,  -1.986832,    3.174,
        48.2500,  -1.982764,    3.188,
        48.3000,  -1.978666,    3.200,
        48.3500,  -1.974214,    3.214,
        48.4000,  -1.970067,    3.226,
        48.4500,  -1.965949,    3.239,
        48.5000,  -1.961851,    3.252,
        48.5500,  -1.957640,    3.265,
        48.6000,  -1.953495,    3.278,
        48.6500,  -1.949431,    3.291,
        48.7000,  -1.945163,    3.305,
        48.7500,  -1.941108,    3.316,
        48.8000,  -1.936916,    3.330,
        48.8500,  -1.932677,    3.344,
        48.9000,  -1.928599,    3.349,
        48.9500,  -1.924398,    3.363,
        49.0000,  -1.920196,    3.378,
        49.0500,  -1.916023,    3.392,
        49.1000,  -1.911760,    3.407,
        49.1500,  -1.907556,    3.413,
        49.2000,  -1.903476,    3.425,
        49.2500,  -1.899402,    3.439,
        49.3000,  -1.895263,    3.453,
        49.3500,  -1.891103,    3.467,
        49.4000,  -1.886849,    3.481,
        49.4500,  -1.882772,    3.494,
        49.5000,  -1.878580,    3.507,
        49.5500,  -1.874372,    3.521,
        49.6000,  -1.870321,    3.533,
        49.6500,  -1.865932,    3.548,
        49.7000,  -1.861836,    3.562,
        49.7500,  -1.857701,    3.576,
        49.8000,  -1.853481,    3.591,
        49.8500,  -1.849337,    3.605,
        49.9000,  -1.845124,    3.615,
        49.9500,  -1.841034,    3.627,
        50.0000,  -1.836860,    3.642,
        50.0500,  -1.832743,    3.656,
        50.1000,  -1.828637,    3.671,
        50.1500,  -1.824451,    3.686,
        50.2000,  -1.820326,    3.701,
        50.2500,  -1.816121,    3.716,
        50.3000,  -1.811930,    3.732,
        50.3500,  -1.807670,    3.748,
        50.4000,  -1.803443,    3.764,
        50.4500,  -1.799299,    3.779,
        50.5000,  -1.795252,    3.793,
        50.5500,  -1.791004,    3.808,
        50.6000,  -1.786902,    3.823,
        50.6500,  -1.782699,    3.836,
        50.7000,  -1.778477,    3.844,
        50.7500,  -1.774396,    3.853,
        50.8000,  -1.770256,    3.868,
        50.8500,  -1.766076,    3.881,
        50.9000,  -1.761989,    3.893,
        50.9500,  -1.757684,    3.907,
        51.0000,  -1.753426,    3.923,
        51.0500,  -1.749380,    3.936,
        51.1000,  -1.745092,    3.952,
        51.1500,  -1.741130,    3.967,
        51.2000,  -1.736831,    3.983,
        51.2500,  -1.732679,    3.997,
        51.3000,  -1.728591,    4.011,
        51.3500,  -1.724457,    4.026,
        51.4000,  -1.720194,    4.042,
        51.4500,  -1.716126,    4.056,
        51.5000,  -1.711923,    4.071,
        51.5500,  -1.707799,    4.086,
        51.6000,  -1.703511,    4.102,
        51.6500,  -1.699337,    4.114,
        51.7000,  -1.695169,    4.129,
        51.7500,  -1.690986,    4.146,
        51.8000,  -1.686796,    4.160,
        51.8500,  -1.682717,    4.174,
        51.9000,  -1.678616,    4.189,
        51.9500,  -1.674332,    4.205,
        52.0000,  -1.670272,    4.219,
        52.0500,  -1.666028,    4.234,
        52.1000,  -1.661944,    4.249,
        52.1500,  -1.657744,    4.264,
        52.2000,  -1.653632,    4.277,
        52.2500,  -1.649361,    4.293,
        52.3000,  -1.645093,    4.308,
        52.3500,  -1.641041,    4.323,
        52.4000,  -1.636805,    4.337,
        52.4500,  -1.632606,    4.349,
        52.5000,  -1.628379,    4.358,
        52.5500,  -1.624443,    4.371,
        52.6000,  -1.620199,    4.387,
        52.6500,  -1.616028,    4.402,
        52.7000,  -1.611854,    4.417,
        52.7500,  -1.607733,    4.432,
        52.8000,  -1.603599,    4.446,
        52.8500,  -1.599384,    4.462,
        52.9000,  -1.595256,    4.476,
        52.9500,  -1.590978,    4.493,
        53.0000,  -1.586210,    4.480,
        53.0500,  -1.582430,    4.476,
        53.1000,  -1.578447,    4.491,
        53.1500,  -1.574324,    4.505,
        53.2000,  -1.570145,    4.522,
        53.2500,  -1.565991,    4.537,
        53.3000,  -1.561896,    4.552,
        53.3500,  -1.557726,    4.567,
        53.4000,  -1.553615,    4.583,
        53.4500,  -1.549413,    4.599,
        53.5000,  -1.545307,    4.614,
        53.5500,  -1.540928,    4.631,
        53.6000,  -1.536811,    4.646,
        53.6500,  -1.532638,    4.662,
        53.7000,  -1.528543,    4.677,
        53.7500,  -1.524370,    4.692,
        53.8000,  -1.520033,    4.705,
        53.8500,  -1.516045,    4.718,
        53.9000,  -1.511801,    4.734,
        53.9500,  -1.507682,    4.749,
        54.0000,  -1.503599,    4.764,
        54.0500,  -1.499391,    4.780,
        54.1000,  -1.495223,    4.795,
        54.1500,  -1.491100,    4.810,
        54.2000,  -1.486999,    4.825,
        54.2500,  -1.482592,    4.844,
        54.3000,  -1.478337,    4.856,
        54.3500,  -1.474259,    4.863,
        54.4000,  -1.469988,    4.877,
        54.4500,  -1.465964,    4.892,
        54.5000,  -1.461926,    4.905,
        54.5500,  -1.457709,    4.921,
        54.6000,  -1.453370,    4.938,
        54.6500,  -1.449382,    4.951,
        54.7000,  -1.445200,    4.968,
        54.7500,  -1.441119,    4.982,
        54.8000,  -1.436894,    4.999,
        54.8500,  -1.432756,    5.014,
        54.9000,  -1.428468,    5.030,
        54.9500,  -1.424347,    5.044,
        55.0000,  -1.419943,    5.058,
        55.0500,  -1.415931,    5.069,
        55.1000,  -1.411773,    5.079,
        55.1500,  -1.407578,    5.090,
        55.2000,  -1.403456,    5.103,
        55.2500,  -1.399325,    5.115,
        55.3000,  -1.395157,    5.128,
        55.3500,  -1.391015,    5.140,
        55.4000,  -1.386782,    5.148,
        55.4500,  -1.382615,    5.159,
        55.5000,  -1.378583,    5.171,
        55.5500,  -1.374370,    5.186,
        55.6000,  -1.369947,    5.201,
        55.6500,  -1.365946,    5.213,
        55.7000,  -1.361805,    5.228,
        55.7500,  -1.357686,    5.241,
        55.8000,  -1.353403,    5.255,
        55.8500,  -1.349272,    5.267,
        55.9000,  -1.345148,    5.280,
        55.9500,  -1.341019,    5.292,
        56.0000,  -1.336882,    5.305,
        56.0500,  -1.332734,    5.318,
        56.1000,  -1.328592,    5.333,
        56.1500,  -1.324393,    5.348,
        56.2000,  -1.320094,    5.360,
        56.2500,  -1.315877,    5.373,
        56.3000,  -1.311702,    5.386,
        56.3500,  -1.307736,    5.398,
        56.4000,  -1.303429,    5.414,
        56.4500,  -1.299256,    5.427,
        56.5000,  -1.295029,    5.441,
        56.5500,  -1.291057,    5.453,
        56.6000,  -1.286931,    5.465,
        56.6500,  -1.282634,    5.480,
        56.7000,  -1.278625,    5.491,
        56.7500,  -1.274294,    5.503,
        56.8000,  -1.270231,    5.514,
        56.8500,  -1.265685,    5.514,
        56.9000,  -1.261527,    5.516,
        56.9500,  -1.257533,    5.523,
        57.0000,  -1.253284,    5.533,
        57.0500,  -1.249258,    5.542,
        57.1000,  -1.245201,    5.552,
        57.1500,  -1.240838,    5.561,
        57.2000,  -1.236680,    5.567,
        57.2500,  -1.232723,    5.574,
        57.3000,  -1.228434,    5.584,
        57.3500,  -1.224190,    5.589,
        57.4000,  -1.220099,    5.593,
        57.4500,  -1.215991,    5.600,
        57.5000,  -1.211749,    5.610,
        57.5500,  -1.207512,    5.617,
        57.6000,  -1.203315,    5.627,
        57.6500,  -1.199034,    5.624,
        57.7000,  -1.194998,    5.630,
        57.7500,  -1.190948,    5.640,
        57.8000,  -1.186692,    5.651,
        57.8500,  -1.182671,    5.661,
        57.9000,  -1.178489,    5.670,
        57.9500,  -1.174323,    5.679,
        58.0000,  -1.169978,    5.680,
        58.0500,  -1.165927,    5.684,
        58.1000,  -1.161628,    5.686,
        58.1500,  -1.157369,    5.680,
        58.2000,  -1.153043,    5.669,
        58.2500,  -1.148847,    5.657,
        58.3000,  -1.144074,    5.626,
        58.3500,  -1.139862,    5.557,
        58.4000,  -1.135747,    5.516,
        58.4500,  -1.131881,    5.475,
        58.5000,  -1.128185,    5.465,
        58.5500,  -1.124010,    5.460,
        58.6000,  -1.119895,    5.455,
        58.6500,  -1.115732,    5.444,
        58.7000,  -1.111537,    5.435,
        58.7500,  -1.107403,    5.431,
        58.8000,  -1.103211,    5.431,
        58.8500,  -1.099163,    5.429,
        58.9000,  -1.094856,    5.430,
        58.9500,  -1.090832,    5.430,
        59.0000,  -1.086477,    5.434,
        59.0500,  -1.082516,    5.434,
        59.1000,  -1.078267,    5.438,
        59.1500,  -1.074142,    5.442,
        59.2000,  -1.070069,    5.444,
        59.2500,  -1.065946,    5.448,
        59.3000,  -1.061519,    5.444,
        59.3500,  -1.057365,    5.428,
        59.4000,  -1.053097,    5.421,
        59.4500,  -1.049117,    5.415,
        59.5000,  -1.044839,    5.413,
        59.5500,  -1.040477,    5.405,
        59.6000,  -1.036387,    5.388,
        59.6500,  -1.032207,    5.374,
        59.7000,  -1.027958,    5.356,
        59.7500,  -1.023801,    5.335,
        59.8000,  -1.019657,    5.314,
        59.8500,  -1.015478,    5.293,
        59.9000,  -1.010973,    5.257,
        59.9500,  -1.007016,    5.225,
        60.0000,  -1.002078,    5.155,
        60.0500,  -0.998125,    5.079,
        60.1000,  -0.993742,    5.018,
        60.1500,  -0.989009,    4.913,
        60.2000,  -0.984515,    4.785,
        60.2500,  -0.981448,    4.707,
        60.3000,  -0.977604,    4.667,
        60.3500,  -0.973622,    4.639,
        60.4000,  -0.969606,    4.615,
        60.4500,  -0.965569,    4.594,
        60.5000,  -0.961318,    4.577,
        60.5500,  -0.957252,    4.563,
        60.6000,  -0.953103,    4.549,
        60.6500,  -0.948705,    4.525,
        60.7000,  -0.943992,    4.457,
        60.7500,  -0.939447,    4.390,
        60.8000,  -0.935488,    4.321,
        60.8500,  -0.931624,    4.271,
        60.9000,  -0.927375,    4.222,
        60.9500,  -0.922983,    4.154,
        61.0000,  -0.919229,    4.097,
        61.0500,  -0.914959,    4.054,
        61.1000,  -0.910925,    4.014,
        61.1500,  -0.907112,    3.986,
        61.2000,  -0.902789,    3.959,
        61.2500,  -0.898339,    3.912,
        61.3000,  -0.894509,    3.875,
        61.3500,  -0.890443,    3.854,
        61.4000,  -0.886202,    3.827,
        61.4500,  -0.881831,    3.801,
        61.5000,  -0.877866,    3.774,
        61.5500,  -0.873859,    3.762,
        61.6000,  -0.869707,    3.753,
        61.6500,  -0.865602,    3.746,
        61.7000,  -0.861203,    3.730,
        61.7500,  -0.856548,    3.667,
        61.8000,  -0.853037,    3.642,
        61.8500,  -0.848855,    3.629,
        61.9000,  -0.844657,    3.610,
        61.9500,  -0.840652,    3.592,
        62.0000,  -0.836281,    3.568,
        62.0500,  -0.832082,    3.552,
        62.1000,  -0.827905,    3.537,
        62.1500,  -0.823784,    3.525,
        62.2000,  -0.819831,    3.515,
        62.2500,  -0.815530,    3.506,
        62.3000,  -0.811278,    3.489,
        62.3500,  -0.807247,    3.475,
        62.4000,  -0.803145,    3.465,
        62.4500,  -0.798847,    3.455,
        62.5000,  -0.794904,    3.445,
        62.5500,  -0.790601,    3.429,
        62.6000,  -0.786287,    3.413,
        62.6500,  -0.782108,    3.393,
        62.7000,  -0.777648,    3.358,
        62.7500,  -0.772838,    3.304,
        62.8000,  -0.754799,    2.606,
        62.8500,  -0.761234,    2.169,
        62.9000,  -0.760585,    2.100,
        62.9500,  -0.755800,    1.998,
        63.0000,  -0.752748,    1.938,
        63.0500,  -0.748968,    1.915,
        63.1000,  -0.744875,    1.896,
        63.1500,  -0.740640,    1.879,
        63.2000,  -0.736758,    1.868,
        63.2500,  -0.732361,    1.860,
        63.3000,  -0.728344,    1.854,
        63.3500,  -0.723970,    1.850,
        63.4000,  -0.719837,    1.844,
        63.4500,  -0.715667,    1.840,
        63.5000,  -0.711363,    1.835,
        63.5500,  -0.707285,    1.831,
        63.6000,  -0.703229,    1.827,
        63.6500,  -0.699114,    1.826,
        63.7000,  -0.694997,    1.825,
        63.7500,  -0.690739,    1.824,
        63.8000,  -0.686668,    1.823,
        63.8500,  -0.682461,    1.820,
        63.9000,  -0.678243,    1.817,
        63.9500,  -0.674000,    1.812,
        64.0000,  -0.669726,    1.809,
        64.0500,  -0.665604,    1.804,
        64.1000,  -0.661609,    1.802,
        64.1500,  -0.657294,    1.801,
        64.2000,  -0.653196,    1.799,
        64.2500,  -0.649080,    1.799,
        64.3000,  -0.644835,    1.797,
        64.3500,  -0.640754,    1.795,
        64.4000,  -0.636571,    1.793,
        64.4500,  -0.632532,    1.790,
        64.5000,  -0.628227,    1.785,
        64.5500,  -0.624070,    1.784,
        64.6000,  -0.619789,    1.781,
        64.6500,  -0.615706,    1.779,
        64.7000,  -0.611530,    1.778,
        64.7500,  -0.607295,    1.772,
        64.8000,  -0.603274,    1.768,
        64.8500,  -0.598937,    1.764,
        64.9000,  -0.594915,    1.759,
        64.9500,  -0.590661,    1.757,
        65.0000,  -0.586661,    1.751,
        65.0500,  -0.582496,    1.748,
        65.1000,  -0.578168,    1.743,
        65.1500,  -0.574162,    1.738,
        65.2000,  -0.569826,    1.736,
        65.2500,  -0.565743,    1.734,
        65.3000,  -0.561494,    1.732,
        65.3500,  -0.557322,    1.730,
        65.4000,  -0.553068,    1.726,
        65.4500,  -0.549071,    1.723,
        65.5000,  -0.545034,    1.721,
        65.5500,  -0.540675,    1.719,
        65.6000,  -0.536356,    1.708,
        65.6500,  -0.532098,    1.672,
        65.7000,  -0.528309,    1.667,
        65.7500,  -0.524114,    1.659,
        65.8000,  -0.519683,    1.648,
        65.8500,  -0.515352,    1.630,
        65.9000,  -0.511212,    1.609,
        65.9500,  -0.506842,    1.585,
        66.0000,  -0.502680,    1.547,
        66.0500,  -0.496495,    1.434,
        66.1000,  -0.493507,    1.320,
        66.1500,  -0.489235,    1.207,
        66.2000,  -0.485979,    1.163,
        66.2500,  -0.481934,    1.123,
        66.3000,  -0.477899,    1.095,
        66.3500,  -0.473893,    1.074,
        66.4000,  -0.469797,    1.058,
        66.4500,  -0.465533,    1.045,
        66.5000,  -0.460830,    1.014,
        66.5500,  -0.456786,    0.979,
        66.6000,  -0.452910,    0.950,
        66.6500,  -0.448918,    0.941,
        66.7000,  -0.444757,    0.932,
        66.7500,  -0.440628,    0.925,
        66.8000,  -0.436565,    0.918,
        66.8500,  -0.432300,    0.913,
        66.9000,  -0.428269,    0.907,
        66.9500,  -0.424157,    0.902,
        67.0000,  -0.419918,    0.898,
        67.0500,  -0.415646,    0.894,
        67.1000,  -0.411977,    0.890,
        67.1500,  -0.406588,    0.888,
        67.2000,  -0.403137,    0.872,
        67.2500,  -0.398889,    0.867,
        67.3000,  -0.394931,    0.862,
        67.3500,  -0.390872,    0.859,
        67.4000,  -0.386624,    0.857,
        67.4500,  -0.382250,    0.852,
        67.5000,  -0.378159,    0.844,
        67.5500,  -0.374130,    0.841,
        67.6000,  -0.369801,    0.837,
        67.6500,  -0.365731,    0.830,
        67.7000,  -0.361488,    0.828,
        67.7500,  -0.357107,    0.825,
        67.8000,  -0.353097,    0.812,
        67.8500,  -0.349038,    0.810,
        67.9000,  -0.344806,    0.806,
        67.9500,  -0.340646,    0.803,
        68.0000,  -0.336489,    0.801,
        68.0500,  -0.332448,    0.799,
        68.1000,  -0.328333,    0.797,
        68.1500,  -0.324022,    0.796,
        68.2000,  -0.319982,    0.795,
        68.2500,  -0.315706,    0.793,
        68.3000,  -0.311424,    0.791,
        68.3500,  -0.307343,    0.787,
        68.4000,  -0.303142,    0.781,
        68.4500,  -0.298949,    0.778,
        68.5000,  -0.294823,    0.774,
        68.5500,  -0.290543,    0.771,
        68.6000,  -0.286682,    0.768,
        68.6500,  -0.282330,    0.765,
        68.7000,  -0.278079,    0.761,
        68.7500,  -0.274001,    0.749,
        68.8000,  -0.269967,    0.745,
        68.8500,  -0.265650,    0.738,
        68.9000,  -0.261419,    0.733,
        68.9500,  -0.257409,    0.731,
        69.0000,  -0.252946,    0.728,
        69.0500,  -0.249014,    0.725,
        69.1000,  -0.244777,    0.720,
        69.1500,  -0.240720,    0.716,
        69.2000,  -0.236529,    0.713,
        69.2500,  -0.232354,    0.711,
        69.3000,  -0.228177,    0.707,
        69.3500,  -0.224177,    0.704,
        69.4000,  -0.219900,    0.700,
        69.4500,  -0.215636,    0.699,
        69.5000,  -0.211476,    0.696,
        69.5500,  -0.207313,    0.694,
        69.6000,  -0.203172,    0.692,
        69.6500,  -0.199057,    0.691,
        69.7000,  -0.194866,    0.690,
        69.7500,  -0.190647,    0.685,
        69.8000,  -0.186477,    0.683,
        69.8500,  -0.182388,    0.682,
        69.9000,  -0.178382,    0.681,
        69.9500,  -0.174137,    0.678,
        70.0000,  -0.169879,    0.674,
        70.0500,  -0.165817,    0.671,
        70.1000,  -0.161377,    0.670,
        70.1500,  -0.157216,    0.667,
        70.2000,  -0.153199,    0.661,
        70.2500,  -0.149092,    0.659,
        70.3000,  -0.144798,    0.658,
        70.3500,  -0.140501,    0.654,
        70.4000,  -0.136514,    0.647,
        70.4500,  -0.132540,    0.645,
        70.5000,  -0.128200,    0.644,
        70.5500,  -0.124058,    0.642,
        70.6000,  -0.120007,    0.641,
        70.6500,  -0.115739,    0.640,
        70.7000,  -0.111509,    0.638,
        70.7500,  -0.107304,    0.634,
        70.8000,  -0.103066,    0.630,
        70.8500,  -0.098960,    0.627,
        70.9000,  -0.094927,    0.625,
        70.9500,  -0.090645,    0.625,
        71.0000,  -0.086474,    0.622,
        71.0500,  -0.082230,    0.616,
        71.1000,  -0.078176,    0.608,
        71.1500,  -0.074106,    0.606,
        71.2000,  -0.070008,    0.603,
        71.2500,  -0.065723,    0.602,
        71.3000,  -0.061435,    0.601,
        71.3500,  -0.057337,    0.600,
        71.4000,  -0.053072,    0.599,
        71.4500,  -0.049029,    0.598,
        71.5000,  -0.044830,    0.597,
        71.5500,  -0.040846,    0.596,
        71.6000,  -0.036664,    0.596,
        71.6500,  -0.032393,    0.595,
        71.7000,  -0.028167,    0.594,
        71.7500,  -0.024269,    0.593,
        71.8000,  -0.019909,    0.591,
        71.8500,  -0.015812,    0.590,
        71.9000,  -0.011482,    0.589,
        71.9500,  -0.007363,    0.585,
        72.0000,  -0.003078,    0.581,
        72.0500,   0.000970,    0.577,
        72.1000,   0.005393,    0.571,
        72.1500,   0.009692,    0.567,
        72.2000,   0.013481,    0.564,
        72.2500,   0.017824,    0.560,
        72.3000,   0.021911,    0.556,
        72.3500,   0.026051,    0.553,
        72.4000,   0.030194,    0.551,
        72.4500,   0.034429,    0.548,
        72.5000,   0.039226,    0.534,
        72.5500,   0.043349,    0.488,
        72.6000,   0.046978,    0.484,
        72.6500,   0.050716,    0.480,
        72.7000,   0.051173,    0.473,
        72.7500,   0.051170,    0.466,
