time,Force,Displacement
         0.0000,  -6.000122,    0.039,
         0.0500,  -5.999709,    0.039,
         0.1000,  -5.996510,    0.040,
         0.1500,  -5.992456,    0.041,
         0.2000,  -5.988156,    0.041,
         0.2500,  -5.984152,    0.041,
         0.3000,  -5.979991,    0.041,
         0.3500,  -5.975702,    0.042,
         0.4000,  -5.971633,    0.042,
         0.4500,  -5.967450,    0.043,
         0.5000,  -5.963140,    0.043,
         0.5500,  -5.959099,    0.043,
         0.6000,  -5.954933,    0.043,
         0.6500,  -5.950775,    0.044,
         0.7000,  -5.946546,    0.044,
         0.7500,  -5.942429,    0.045,
         0.8000,  -5.938209,    0.045,
         0.8500,  -5.933895,    0.045,
         0.9000,  -5.929688,    0.046,
         0.9500,  -5.925571,    0.046,
         1.0000,  -5.921378,    0.047,
         1.0500,  -5.917249,    0.047,
         1.1000,  -5.912965,    0.047,
         1.1500,  -5.908972,    0.047,
         1.2000,  -5.904703,    0.048,
         1.2500,  -5.900576,    0.048,
         1.3000,  -5.896434,    0.049,
         1.3500,  -5.892253,    0.049,
         1.4000,  -5.888054,    0.049,
         1.4500,  -5.883864,    0.049,
         1.5000,  -5.879776,    0.050,
         1.5500,  -5.875555,    0.050,
         1.6000,  -5.871155,    0.051,
         1.6500,  -5.867164,    0.051,
         1.7000,  -5.862925,    0.051,
         1.7500,  -5.858703,    0.051,
         1.8000,  -5.854660,    0.052,
         1.8500,  -5.850402,    0.052,
         1.9000,  -5.846284,    0.053,
         1.9500,  -5.842049,    0.053,
         2.0000,  -5.837906,    0.054,
         2.0500,  -5.833857,    0.054,
         2.1000,  -5.829652,    0.054,
         2.1500,  -5.825610,    0.054,
         2.2000,  -5.821235,    0.055,
         2.2500,  -5.817164,    0.055,
         2.3000,  -5.812829,    0.056,
         2.3500,  -5.808651,    0.056,
         2.4000,  -5.804428,    0.056,
         2.4500,  -5.800282,    0.056,
         2.5000,  -5.796186,    0.057,
         2.5500,  -5.792026,    0.058,
         2.6000,  -5.787856,    0.058,
         2.6500,  -5.783701,    0.058,
         2.7000,  -5.779446,    0.058,
         2.7500,  -5.775451,    0.058,
         2.8000,  -5.771237,    0.059,
         2.8500,  -5.767035,    0.059,
         2.9000,  -5.762872,    0.060,
         2.9500,  -5.758815,    0.060,
         3.0000,  -5.754421,    0.060,
         3.0500,  -5.750206,    0.061,
         3.1000,  -5.746068,    0.061,
         3.1500,  -5.741974,    0.062,
         3.2000,  -5.737764,    0.062,
         3.2500,  -5.733600,    0.062,
         3.3000,  -5.729506,    0.062,
         3.3500,  -5.725320,    0.063,
         3.4000,  -5.721078,    0.063,
         3.4500,  -5.716944,    0.064,
         3.5000,  -5.712907,    0.064,
         3.5500,  -5.708619,    0.064,
         3.6000,  -5.704534,    0.064,
         3.6500,  -5.700337,    0.065,
         3.7000,  -5.696125,    0.065,
         3.7500,  -5.691825,    0.066,
         3.8000,  -5.687740,    0.066,
         3.8500,  -5.683552,    0.066,
         3.9000,  -5.679350,    0.066,
         3.9500,  -5.675163,    0.067,
         4.0000,  -5.671117,    0.067,
         4.0500,  -5.666884,    0.068,
         4.1000,  -5.662799,    0.068,
         4.1500,  -5.658596,    0.068,
         4.2000,  -5.654364,    0.068,
         4.2500,  -5.650260,    0.069,
         4.3000,  -5.646189,    0.069,
         4.3500,  -5.641922,    0.070,
         4.4000,  -5.637603,    0.070,
         4.4500,  -5.633468,    0.070,
         4.5000,  -5.629384,    0.070,
         4.5500,  -5.625139,    0.071,
         4.6000,  -5.621019,    0.072,
         4.6500,  -5.616874,    0.072,
         4.7000,  -5.612619,    0.072,
         4.7500,  -5.608575,    0.072,
         4.8000,  -5.604396,    0.073,
         4.8500,  -5.600211,    0.073,
         4.9000,  -5.596102,    0.074,
         4.9500,  -5.591876,    0.074,
         5.0000,  -5.587783,    0.075,
         5.0500,  -5.583558,    0.075,
         5.1000,  -5.579190,    0.075,
         5.1500,  -5.575114,    0.075,
         5.2000,  -5.570979,    0.076,
         5.2500,  -5.566782,    0.076,
         5.3000,  -5.562627,    0.077,
         5.3500,  -5.558483,    0.077,
         5.4000,  -5.554385,    0.077,
         5.4500,  -5.550104,    0.077,
         5.5000,  -5.546030,    0.078,
         5.5500,  -5.541876,    0.079,
         5.6000,  -5.537675,    0.079,
         5.6500,  -5.533515,    0.079,
         5.7000,  -5.529388,    0.080,
         5.7500,  -5.525045,    0.080,
         5.8000,  -5.520816,    0.081,
         5.8500,  -5.516747,    0.081,
         5.9000,  -5.512615,    0.081,
         5.9500,  -5.508398,    0.081,
         6.0000,  -5.504208,    0.082,
         6.0500,  -5.500095,    0.082,
         6.1000,  -5.495993,    0.083,
         6.1500,  -5.491782,    0.083,
         6.2000,  -5.487655,    0.083,
         6.2500,  -5.483467,    0.084,
         6.3000,  -5.479372,    0.084,
         6.3500,  -5.475170,    0.085,
         6.4000,  -5.470844,    0.085,
         6.4500,  -5.466686,    0.085,
         6.5000,  -5.462528,    0.086,
         6.5500,  -5.458302,    0.086,
         6.6000,  -5.454232,    0.087,
         6.6500,  -5.450043,    0.087,
         6.7000,  -5.445919,    0.087,
         6.7500,  -5.441753,    0.088,
         6.8000,  -5.437552,    0.088,
         6.8500,  -5.433430,    0.089,
         6.9000,  -5.429288,    0.089,
         6.9500,  -5.425149,    0.089,
         7.0000,  -5.420894,    0.089,
         7.0500,  -5.416746,    0.090,
         7.1000,  -5.412417,    0.091,
         7.1500,  -5.408302,    0.091,
         7.2000,  -5.404077,    0.091,
         7.2500,  -5.400124,    0.092,
         7.3000,  -5.395829,    0.092,
         7.3500,  -5.391600,    0.093,
         7.4000,  -5.387510,    0.093,
         7.4500,  -5.383398,    0.093,
         7.5000,  -5.379272,    0.094,
         7.5500,  -5.374991,    0.094,
         7.6000,  -5.371026,    0.095,
         7.6500,  -5.366747,    0.095,
         7.7000,  -5.362402,    0.096,
         7.7500,  -5.358254,    0.096,
         7.8000,  -5.354099,    0.097,
         7.8500,  -5.349938,    0.097,
         7.9000,  -5.345835,    0.098,
         7.9500,  -5.341657,    0.098,
         8.0000,  -5.337484,    0.098,
         8.0500,  -5.333326,    0.099,
         8.1000,  -5.329170,    0.099,
         8.1500,  -5.325016,    0.100,
         8.2000,  -5.320830,    0.100,
         8.2500,  -5.316745,    0.100,
         8.3000,  -5.312486,    0.101,
         8.3500,  -5.308155,    0.102,
         8.4000,  -5.304063,    0.102,
         8.4500,  -5.299949,    0.102,
         8.5000,  -5.295761,    0.103,
         8.5500,  -5.291585,    0.103,
         8.6000,  -5.287375,    0.104,
         8.6500,  -5.283325,    0.104,
         8.7000,  -5.279118,    0.104,
         8.7500,  -5.274890,    0.105,
         8.8000,  -5.270890,    0.106,
         8.8500,  -5.266684,    0.106,
         8.9000,  -5.262497,    0.106,
         8.9500,  -5.258241,    0.107,
         9.0000,  -5.254033,    0.108,
         9.0500,  -5.249817,    0.108,
         9.1000,  -5.245798,    0.108,
         9.1500,  -5.241519,    0.108,
         9.2000,  -5.237316,    0.109,
         9.2500,  -5.233232,    0.110,
         9.3000,  -5.229046,    0.110,
         9.3500,  -5.224945,    0.110,
         9.4000,  -5.220795,    0.111,
         9.4500,  -5.216695,    0.112,
         9.5000,  -5.212451,    0.112,
         9.5500,  -5.208279,    0.112,
         9.6000,  -5.203973,    0.113,
         9.6500,  -5.199881,    0.114,
         9.7000,  -5.195726,    0.114,
         9.7500,  -5.191524,    0.114,
         9.8000,  -5.187373,    0.115,
         9.8500,  -5.183174,    0.116,
         9.9000,  -5.179100,    0.117,
         9.9500,  -5.174850,    0.117,
        10.0000,  -5.170876,    0.117,
        10.0500,  -5.166595,    0.118,
        10.1000,  -5.162418,    0.119,
        10.1500,  -5.158325,    0.119,
        10.2000,  -5.154070,    0.119,
        10.2500,  -5.149794,    0.120,
        10.3000,  -5.145570,    0.121,
        10.3500,  -5.141540,    0.121,
        10.4000,  -5.137304,    0.121,
        10.4500,  -5.133233,    0.122,
        10.5000,  -5.129039,    0.123,
        10.5500,  -5.124892,    0.123,
        10.6000,  -5.120757,    0.123,
        10.6500,  -5.116603,    0.124,
        10.7000,  -5.112428,    0.125,
        10.7500,  -5.108277,    0.125,
        10.8000,  -5.103964,    0.125,
        10.8500,  -5.099746,    0.126,
        10.9000,  -5.095709,    0.127,
        10.9500,  -5.091465,    0.127,
        11.0000,  -5.087346,    0.128,
        11.0500,  -5.083229,    0.129,
        11.1000,  -5.078968,    0.129,
        11.1500,  -5.074891,    0.129,
        11.2000,  -5.070766,    0.130,
        11.2500,  -5.066471,    0.131,
        11.3000,  -5.062366,    0.131,
        11.3500,  -5.058297,    0.132,
        11.4000,  -5.054089,    0.132,
        11.4500,  -5.049788,    0.133,
        11.5000,  -5.045520,    0.133,
        11.5500,  -5.041543,    0.134,
        11.6000,  -5.037382,    0.135,
        11.6500,  -5.033129,    0.136,
        11.7000,  -5.028964,    0.136,
        11.7500,  -5.024822,    0.136,
        11.8000,  -5.020652,    0.137,
        11.8500,  -5.016686,    0.138,
        11.9000,  -5.012315,    0.138,
        11.9500,  -5.008161,    0.139,
        12.0000,  -5.004048,    0.140,
        12.0500,  -4.999852,    0.140,
        12.1000,  -4.995590,    0.141,
        12.1500,  -4.991514,    0.142,
        12.2000,  -4.987272,    0.142,
        12.2500,  -4.983181,    0.142,
        12.3000,  -4.978873,    0.144,
        12.3500,  -4.974849,    0.144,
        12.4000,  -4.970714,    0.144,
        12.4500,  -4.966582,    0.145,
        12.5000,  -4.962361,    0.146,
        12.5500,  -4.958253,    0.146,
        12.6000,  -4.953921,    0.147,
        12.6500,  -4.949731,    0.148,
        12.7000,  -4.945577,    0.148,
        12.7500,  -4.941446,    0.149,
        12.8000,  -4.937198,    0.150,
        12.8500,  -4.933150,    0.150,
        12.9000,  -4.928954,    0.151,
        12.9500,  -4.924895,    0.152,
        13.0000,  -4.920610,    0.152,
        13.0500,  -4.916534,    0.153,
        13.1000,  -4.912322,    0.154,
        13.1500,  -4.908232,    0.154,
        13.2000,  -4.903939,    0.155,
        13.2500,  -4.899745,    0.156,
        13.3000,  -4.895646,    0.157,
        13.3500,  -4.891326,    0.157,
        13.4000,  -4.887207,    0.158,
        13.4500,  -4.883189,    0.159,
        13.5000,  -4.878979,    0.159,
        13.5500,  -4.874875,    0.160,
        13.6000,  -4.870619,    0.161,
        13.6500,  -4.866459,    0.161,
        13.7000,  -4.862318,    0.162,
        13.7500,  -4.858272,    0.163,
        13.8000,  -4.853972,    0.163,
        13.8500,  -4.849643,    0.164,
        13.9000,  -4.845568,    0.165,
        13.9500,  -4.841316,    0.165,
        14.0000,  -4.837123,    0.167,
        14.0500,  -4.833131,    0.167,
        14.1000,  -4.828900,    0.168,
        14.1500,  -4.824795,    0.169,
        14.2000,  -4.820684,    0.169,
        14.2500,  -4.816526,    0.170,
        14.3000,  -4.812322,    0.171,
        14.3500,  -4.808155,    0.171,
        14.4000,  -4.803813,    0.172,
        14.4500,  -4.799668,    0.173,
        14.5000,  -4.795489,    0.173,
        14.5500,  -4.791344,    0.174,
        14.6000,  -4.787319,    0.175,
        14.6500,  -4.783055,    0.176,
        14.7000,  -4.778933,    0.177,
        14.7500,  -4.774807,    0.178,
        14.8000,  -4.770469,    0.179,
        14.8500,  -4.766561,    0.180,
        14.9000,  -4.762307,    0.180,
        14.9500,  -4.758123,    0.181,
        15.0000,  -4.753766,    0.182,
        15.0500,  -4.749681,    0.182,
        15.1000,  -4.745463,    0.183,
        15.1500,  -4.741339,    0.184,
        15.2000,  -4.737199,    0.185,
        15.2500,  -4.732991,    0.186,
        15.3000,  -4.728906,    0.186,
        15.3500,  -4.724740,    0.187,
        15.4000,  -4.720658,    0.188,
        15.4500,  -4.716351,    0.189,
        15.5000,  -4.712256,    0.190,
        15.5500,  -4.707942,    0.191,
        15.6000,  -4.703817,    0.192,
        15.6500,  -4.699619,    0.192,
        15.7000,  -4.695503,    0.193,
        15.7500,  -4.691280,    0.194,
        15.8000,  -4.687194,    0.194,
        15.8500,  -4.682940,    0.196,
        15.9000,  -4.678925,    0.196,
        15.9500,  -4.674685,    0.197,
        16.0000,  -4.670561,    0.198,
        16.0500,  -4.666388,    0.199,
        16.1000,  -4.662260,    0.200,
        16.1500,  -4.657859,    0.201,
        16.2000,  -4.653785,    0.202,
        16.2500,  -4.649616,    0.203,
        16.3000,  -4.645437,    0.203,
        16.3500,  -4.641319,    0.204,
        16.4000,  -4.637199,    0.205,
        16.4500,  -4.633025,    0.206,
        16.5000,  -4.628886,    0.207,
        16.5500,  -4.624680,    0.208,
        16.6000,  -4.620491,    0.209,
        16.6500,  -4.616477,    0.209,
        16.7000,  -4.612167,    0.210,
        16.7500,  -4.607832,    0.211,
        16.8000,  -4.603716,    0.212,
        16.8500,  -4.599657,    0.213,
        16.9000,  -4.595482,    0.213,
        16.9500,  -4.591226,    0.215,
        17.0000,  -4.587168,    0.215,
        17.0500,  -4.583011,    0.217,
        17.1000,  -4.578773,    0.217,
        17.1500,  -4.574689,    0.218,
        17.2000,  -4.570711,    0.219,
        17.2500,  -4.566294,    0.220,
        17.3000,  -4.562028,    0.221,
        17.3500,  -4.557871,    0.222,
        17.4000,  -4.553774,    0.223,
        17.4500,  -4.549675,    0.224,
        17.5000,  -4.545414,    0.224,
        17.5500,  -4.541275,    0.226,
        17.6000,  -4.537101,    0.226,
        17.6500,  -4.533022,    0.228,
        17.7000,  -4.528881,    0.228,
        17.7500,  -4.524706,    0.229,
        17.8000,  -4.520626,    0.230,
        17.8500,  -4.516190,    0.231,
        17.9000,  -4.512088,    0.232,
        17.9500,  -4.507827,    0.233,
        18.0000,  -4.503694,    0.234,
        18.0500,  -4.499625,    0.235,
        18.1000,  -4.495422,    0.236,
        18.1500,  -4.491258,    0.237,
        18.2000,  -4.487105,    0.238,
        18.2500,  -4.483058,    0.239,
        18.3000,  -4.478845,    0.240,
        18.3500,  -4.474740,    0.241,
        18.4000,  -4.470370,    0.242,
        18.4500,  -4.466237,    0.243,
        18.5000,  -4.462173,    0.244,
        18.5500,  -4.457861,    0.245,
        18.6000,  -4.453783,    0.245,
        18.6500,  -4.449568,    0.247,
        18.7000,  -4.445411,    0.247,
        18.7500,  -4.441271,    0.249,
        18.8000,  -4.437180,    0.249,
        18.8500,  -4.433067,    0.251,
        18.9000,  -4.428799,    0.251,
        18.9500,  -4.424591,    0.251,
        19.0000,  -4.420465,    0.252,
        19.0500,  -4.416175,    0.253,
        19.1000,  -4.412091,    0.254,
        19.1500,  -4.407910,    0.255,
        19.2000,  -4.403758,    0.256,
        19.2500,  -4.399543,    0.257,
        19.3000,  -4.395540,    0.258,
        19.3500,  -4.391370,    0.259,
        19.4000,  -4.387095,    0.260,
        19.4500,  -4.382994,    0.262,
        19.5000,  -4.378804,    0.262,
        19.5500,  -4.374634,    0.264,
        19.6000,  -4.370339,    0.265,
        19.6500,  -4.366162,    0.266,
        19.7000,  -4.362063,    0.267,
        19.7500,  -4.357978,    0.268,
        19.8000,  -4.353783,    0.269,
        19.8500,  -4.349699,    0.270,
        19.9000,  -4.345334,    0.271,
        19.9500,  -4.341360,    0.272,
        20.0000,  -4.337154,    0.273,
        20.0500,  -4.332969,    0.274,
        20.1000,  -4.328786,    0.276,
        20.1500,  -4.324575,    0.276,
        20.2000,  -4.320303,    0.278,
        20.2500,  -4.316154,    0.279,
        20.3000,  -4.311974,    0.280,
        20.3500,  -4.308026,    0.281,
        20.4000,  -4.303766,    0.283,
        20.4500,  -4.299515,    0.284,
        20.5000,  -4.295509,    0.285,
        20.5500,  -4.291254,    0.286,
        20.6000,  -4.287141,    0.287,
        20.6500,  -4.282988,    0.289,
        20.7000,  -4.278706,    0.290,
        20.7500,  -4.274548,    0.291,
        20.8000,  -4.270428,    0.292,
        20.8500,  -4.266144,    0.293,
        20.9000,  -4.262012,    0.294,
        20.9500,  -4.258003,    0.295,
        21.0000,  -4.253763,    0.297,
        21.0500,  -4.249582,    0.298,
        21.1000,  -4.245476,    0.299,
        21.1500,  -4.241293,    0.301,
        21.2000,  -4.237111,    0.301,
        21.2500,  -4.232920,    0.303,
        21.3000,  -4.228691,    0.304,
        21.3500,  -4.224506,    0.306,
        21.4000,  -4.220256,    0.307,
        21.4500,  -4.216217,    0.308,
        21.5000,  -4.212144,    0.310,
        21.5500,  -4.207810,    0.311,
        21.6000,  -4.203759,    0.312,
        21.6500,  -4.199662,    0.314,
        21.7000,  -4.195437,    0.314,
        21.7500,  -4.191314,    0.316,
        21.8000,  -4.187075,    0.317,
        21.8500,  -4.182809,    0.318,
        21.9000,  -4.178664,    0.320,
        21.9500,  -4.174461,    0.321,
        22.0000,  -4.170442,    0.322,
        22.0500,  -4.166215,    0.324,
        22.1000,  -4.161976,    0.325,
        22.1500,  -4.157937,    0.327,
        22.2000,  -4.153769,    0.327,
        22.2500,  -4.149557,    0.329,
        22.3000,  -4.145513,    0.330,
        22.3500,  -4.141303,    0.331,
        22.4000,  -4.136907,    0.333,
        22.4500,  -4.132816,    0.334,
        22.5000,  -4.128739,    0.335,
        22.5500,  -4.124465,    0.337,
        22.6000,  -4.120389,    0.338,
        22.6500,  -4.116167,    0.340,
        22.7000,  -4.112000,    0.341,
        22.7500,  -4.107878,    0.343,
        22.8000,  -4.103766,    0.344,
        22.8500,  -4.099641,    0.346,
        22.9000,  -4.095463,    0.347,
        22.9500,  -4.091204,    0.349,
        23.0000,  -4.086928,    0.350,
        23.0500,  -4.082831,    0.352,
        23.1000,  -4.078617,    0.353,
        23.1500,  -4.074543,    0.354,
        23.2000,  -4.070388,    0.356,
        23.2500,  -4.066137,    0.358,
        23.3000,  -4.062062,    0.359,
        23.3500,  -4.057921,    0.360,
        23.4000,  -4.053600,    0.362,
        23.4500,  -4.049720,    0.364,
        23.5000,  -4.045454,    0.365,
        23.5500,  -4.041098,    0.366,
        23.6000,  -4.036875,    0.368,
        23.6500,  -4.032826,    0.369,
        23.7000,  -4.028637,    0.371,
        23.7500,  -4.024477,    0.373,
        23.8000,  -4.020426,    0.374,
        23.8500,  -4.016195,    0.375,
        23.9000,  -4.011985,    0.377,
        23.9500,  -4.007916,    0.379,
        24.0000,  -4.003808,    0.380,
        24.0500,  -3.999513,    0.382,
        24.1000,  -3.995193,    0.384,
        24.1500,  -3.991160,    0.386,
        24.2000,  -3.987001,    0.387,
        24.2500,  -3.982746,    0.389,
        24.3000,  -3.978675,    0.390,
        24.3500,  -3.974592,    0.392,
        24.4000,  -3.970353,    0.394,
        24.4500,  -3.966176,    0.396,
        24.5000,  -3.962079,    0.397,
        24.5500,  -3.957922,    0.399,
        24.6000,  -3.953757,    0.400,
        24.6500,  -3.949529,    0.401,
        24.7000,  -3.945217,    0.403,
        24.7500,  -3.941039,    0.404,
        24.8000,  -3.937037,    0.406,
        24.8500,  -3.932757,    0.408,
        24.9000,  -3.928745,    0.409,
        24.9500,  -3.924425,    0.411,
        25.0000,  -3.920342,    0.413,
        25.0500,  -3.916242,    0.415,
        25.1000,  -3.912097,    0.417,
        25.1500,  -3.907876,    0.419,
        25.2000,  -3.903735,    0.420,
        25.2500,  -3.899351,    0.422,
        25.3000,  -3.895257,    0.424,
        25.3500,  -3.891118,    0.425,
        25.4000,  -3.887007,    0.428,
        25.4500,  -3.882741,    0.430,
        25.5000,  -3.878641,    0.431,
        25.5500,  -3.874484,    0.433,
        25.6000,  -3.870391,    0.434,
        25.6500,  -3.866265,    0.436,
        25.7000,  -3.862106,    0.438,
        25.7500,  -3.857884,    0.440,
        25.8000,  -3.853551,    0.442,
        25.8500,  -3.849510,    0.444,
        25.9000,  -3.845181,    0.446,
        25.9500,  -3.841183,    0.448,
        26.0000,  -3.836868,    0.450,
        26.0500,  -3.832771,    0.452,
        26.1000,  -3.828699,    0.454,
        26.1500,  -3.824566,    0.456,
        26.2000,  -3.820314,    0.457,
        26.2500,  -3.816223,    0.459,
        26.3000,  -3.812109,    0.461,
        26.3500,  -3.807781,    0.464,
        26.4000,  -3.803577,    0.465,
        26.4500,  -3.799427,    0.467,
        26.5000,  -3.795295,    0.470,
        26.5500,  -3.791175,    0.472,
        26.6000,  -3.787028,    0.474,
        26.6500,  -3.782738,    0.476,
        26.7000,  -3.778742,    0.478,
        26.7500,  -3.774602,    0.480,
        26.8000,  -3.770325,    0.482,
        26.8500,  -3.766362,    0.484,
        26.9000,  -3.762024,    0.486,
        26.9500,  -3.757735,    0.489,
        27.0000,  -3.753596,    0.491,
        27.0500,  -3.749494,    0.493,
        27.1000,  -3.745194,    0.496,
        27.1500,  -3.741144,    0.498,
        27.2000,  -3.737013,    0.500,
        27.2500,  -3.732839,    0.502,
        27.3000,  -3.728737,    0.504,
        27.3500,  -3.724528,    0.507,
        27.4000,  -3.720468,    0.509,
        27.4500,  -3.716205,    0.512,
        27.5000,  -3.711883,    0.514,
        27.5500,  -3.707750,    0.516,
        27.6000,  -3.703560,    0.518,
        27.6500,  -3.699468,    0.520,
        27.7000,  -3.695255,    0.522,
        27.7500,  -3.691125,    0.525,
        27.8000,  -3.687077,    0.527,
        27.8500,  -3.682819,    0.529,
        27.9000,  -3.678708,    0.532,
        27.9500,  -3.674492,    0.534,
        28.0000,  -3.670358,    0.537,
        28.0500,  -3.666214,    0.539,
        28.1000,  -3.661866,    0.541,
        28.1500,  -3.657706,    0.543,
        28.2000,  -3.653635,    0.545,
        28.2500,  -3.649419,    0.547,
        28.3000,  -3.645286,    0.549,
        28.3500,  -3.641229,    0.551,
        28.4000,  -3.636993,    0.554,
        28.4500,  -3.632845,    0.556,
        28.5000,  -3.628664,    0.558,
        28.5500,  -3.624484,    0.561,
        28.6000,  -3.620494,    0.563,
        28.6500,  -3.615953,    0.566,
        28.7000,  -3.611831,    0.568,
        28.7500,  -3.607815,    0.571,
        28.8000,  -3.603586,    0.574,
        28.8500,  -3.599530,    0.576,
        28.9000,  -3.595176,    0.579,
        28.9500,  -3.591107,    0.581,
        29.0000,  -3.587015,    0.583,
        29.0500,  -3.582863,    0.586,
        29.1000,  -3.578681,    0.589,
        29.1500,  -3.574490,    0.591,
        29.2000,  -3.570343,    0.594,
        29.2500,  -3.566117,    0.596,
        29.3000,  -3.561887,    0.599,
        29.3500,  -3.557732,    0.602,
        29.4000,  -3.553556,    0.604,
        29.4500,  -3.549347,    0.606,
        29.5000,  -3.545325,    0.609,
        29.5500,  -3.541153,    0.612,
        29.6000,  -3.536948,    0.615,
        29.6500,  -3.532823,    0.618,
        29.7000,  -3.528606,    0.621,
        29.7500,  -3.524659,    0.623,
        29.8000,  -3.520189,    0.626,
        29.8500,  -3.516058,    0.629,
        29.9000,  -3.511829,    0.631,
        29.9500,  -3.507748,    0.634,
        30.0000,  -3.503600,    0.637,
        30.0500,  -3.499466,    0.640,
        30.1000,  -3.495213,    0.643,
        30.1500,  -3.491177,    0.645,
        30.2000,  -3.486924,    0.648,
        30.2500,  -3.482842,    0.651,
        30.3000,  -3.478634,    0.654,
        30.3500,  -3.474520,    0.657,
        30.4000,  -3.470097,    0.660,
        30.4500,  -3.466081,    0.663,
        30.5000,  -3.461849,    0.666,
        30.5500,  -3.457712,    0.669,
        30.6000,  -3.453566,    0.672,
        30.6500,  -3.449422,    0.675,
        30.7000,  -3.445246,    0.678,
        30.7500,  -3.441047,    0.681,
        30.8000,  -3.436966,    0.684,
        30.8500,  -3.432805,    0.687,
        30.9000,  -3.428649,    0.690,
        30.9500,  -3.424487,    0.693,
        31.0000,  -3.420212,    0.696,
        31.0500,  -3.415955,    0.700,
        31.1000,  -3.411802,    0.703,
        31.1500,  -3.407805,    0.706,
        31.2000,  -3.403560,    0.709,
        31.2500,  -3.399447,    0.713,
        31.3000,  -3.395241,    0.716,
        31.3500,  -3.391102,    0.719,
        31.4000,  -3.386939,    0.722,
        31.4500,  -3.382822,    0.726,
        31.5000,  -3.378679,    0.729,
        31.5500,  -3.374297,    0.732,
        31.6000,  -3.370135,    0.736,
        31.6500,  -3.366033,    0.739,
        31.7000,  -3.361864,    0.743,
        31.7500,  -3.357697,    0.746,
        31.8000,  -3.353537,    0.749,
        31.8500,  -3.349498,    0.752,
        31.9000,  -3.345248,    0.756,
        31.9500,  -3.341108,    0.759,
        32.0000,  -3.336902,    0.763,
        32.0500,  -3.332912,    0.766,
        32.1000,  -3.328526,    0.770,
        32.1500,  -3.324260,    0.774,
        32.2000,  -3.320169,    0.776,
        32.2500,  -3.316031,    0.780,
        32.3000,  -3.311884,    0.784,
        32.3500,  -3.307626,    0.787,
        32.4000,  -3.303631,    0.791,
        32.4500,  -3.299408,    0.794,
        32.5000,  -3.295146,    0.798,
        32.5500,  -3.291135,    0.801,
        32.6000,  -3.286848,    0.805,
        32.6500,  -3.282836,    0.808,
        32.7000,  -3.278609,    0.812,
        32.7500,  -3.274402,    0.815,
        32.8000,  -3.270157,    0.819,
        32.8500,  -3.265964,    0.822,
        32.9000,  -3.261872,    0.826,
        32.9500,  -3.257823,    0.829,
        33.0000,  -3.253448,    0.833,
        33.0500,  -3.249387,    0.836,
        33.1000,  -3.245236,    0.839,
        33.1500,  -3.241088,    0.843,
        33.2000,  -3.237060,    0.846,
        33.2500,  -3.232651,    0.850,
        33.3000,  -3.228615,    0.854,
        33.3500,  -3.224402,    0.858,
        33.4000,  -3.220016,    0.862,
        33.4500,  -3.216058,    0.865,
        33.5000,  -3.211877,    0.869,
        33.5500,  -3.207639,    0.872,
        33.6000,  -3.203606,    0.876,
        33.6500,  -3.199344,    0.880,
        33.7000,  -3.195287,    0.883,
        33.7500,  -3.191131,    0.887,
        33.8000,  -3.186983,    0.891,
        33.8500,  -3.182730,    0.895,
        33.9000,  -3.178517,    0.898,
        33.9500,  -3.174278,    0.901,
        34.0000,  -3.170265,    0.904,
        34.0500,  -3.165932,    0.908,
        34.1000,  -3.161844,    0.912,
        34.1500,  -3.157729,    0.915,
        34.2000,  -3.153610,    0.919,
        34.2500,  -3.149344,    0.923,
        34.3000,  -3.145265,    0.925,
        34.3500,  -3.141125,    0.929,
        34.4000,  -3.136907,    0.933,
        34.4500,  -3.132887,    0.936,
        34.5000,  -3.128509,    0.941,
        34.5500,  -3.124248,    0.945,
        34.6000,  -3.120245,    0.949,
        34.6500,  -3.116005,    0.953,
        34.7000,  -3.111802,    0.957,
        34.7500,  -3.107841,    0.959,
        34.8000,  -3.103486,    0.964,
        34.8500,  -3.099403,    0.967,
        34.9000,  -3.095309,    0.971,
        34.9500,  -3.091114,    0.975,
        35.0000,  -3.086921,    0.979,
        35.0500,  -3.082827,    0.983,
        35.1000,  -3.078488,    0.987,
        35.1500,  -3.074371,    0.991,
        35.2000,  -3.070167,    0.995,
        35.2500,  -3.066055,    0.999,
        35.3000,  -3.061747,    1.004,
        35.3500,  -3.057689,    1.008,
        35.4000,  -3.053595,    1.012,
        35.4500,  -3.049315,    1.017,
        35.5000,  -3.045314,    1.020,
        35.5500,  -3.041194,    1.025,
        35.6000,  -3.036875,    1.030,
        35.6500,  -3.032909,    1.034,
        35.7000,  -3.028477,    1.039,
        35.7500,  -3.024310,    1.043,
        35.8000,  -3.020138,    1.047,
        35.8500,  -3.016055,    1.051,
        35.9000,  -3.011904,    1.055,
        35.9500,  -3.007664,    1.060,
        36.0000,  -3.003515,    1.064,
        36.0500,  -2.999428,    1.068,
        36.1000,  -2.995278,    1.073,
        36.1500,  -2.991159,    1.077,
        36.2000,  -2.986928,    1.082,
        36.2500,  -2.982774,    1.086,
        36.3000,  -2.978565,    1.091,
        36.3500,  -2.974307,    1.096,
        36.4000,  -2.970128,    1.100,
        36.4500,  -2.965919,    1.104,
        36.5000,  -2.961863,    1.108,
        36.5500,  -2.957595,    1.113,
        36.6000,  -2.953540,    1.117,
        36.6500,  -2.949380,    1.122,
        36.7000,  -2.945272,    1.126,
        36.7500,  -2.941090,    1.130,
        36.8000,  -2.936923,    1.135,
        36.8500,  -2.932798,    1.138,
        36.9000,  -2.928543,    1.143,
        36.9500,  -2.924281,    1.147,
        37.0000,  -2.920162,    1.152,
        37.0500,  -2.915900,    1.156,
        37.1000,  -2.911930,    1.159,
        37.1500,  -2.907578,    1.161,
        37.2000,  -2.903385,    1.161,
        37.2500,  -2.899422,    1.164,
        37.3000,  -2.895200,    1.167,
        37.3500,  -2.891029,    1.170,
        37.4000,  -2.886925,    1.171,
        37.4500,  -2.882702,    1.173,
        37.5000,  -2.878544,    1.178,
        37.5500,  -2.874334,    1.182,
        37.6000,  -2.870091,    1.187,
        37.6500,  -2.866035,    1.191,
        37.7000,  -2.861747,    1.196,
        37.7500,  -2.857696,    1.201,
        37.8000,  -2.853488,    1.205,
        37.8500,  -2.849208,    1.210,
        37.9000,  -2.845302,    1.214,
        37.9500,  -2.841112,    1.218,
        38.0000,  -2.836815,    1.224,
        38.0500,  -2.832746,    1.228,
        38.1000,  -2.828624,    1.233,
        38.1500,  -2.824373,    1.237,
        38.2000,  -2.820035,    1.242,
        38.2500,  -2.815990,    1.246,
        38.3000,  -2.811780,    1.250,
        38.3500,  -2.807582,    1.254,
        38.4000,  -2.803521,    1.259,
        38.4500,  -2.799315,    1.264,
        38.5000,  -2.795152,    1.268,
        38.5500,  -2.790995,    1.273,
        38.6000,  -2.786882,    1.277,
        38.6500,  -2.782731,    1.282,
        38.7000,  -2.778578,    1.287,
        38.7500,  -2.774371,    1.292,
        38.8000,  -2.770128,    1.297,
        38.8500,  -2.765986,    1.302,
        38.9000,  -2.761720,    1.307,
        38.9500,  -2.757601,    1.312,
        39.0000,  -2.753489,    1.317,
        39.0500,  -2.749362,    1.322,
        39.1000,  -2.745092,    1.327,
        39.1500,  -2.741009,    1.332,
        39.2000,  -2.736816,    1.337,
        39.2500,  -2.732743,    1.342,
        39.3000,  -2.728576,    1.347,
        39.3500,  -2.724427,    1.352,
        39.4000,  -2.720076,    1.358,
        39.4500,  -2.715896,    1.363,
        39.5000,  -2.711798,    1.367,
        39.5500,  -2.707575,    1.373,
        39.6000,  -2.703396,    1.378,
        39.6500,  -2.699317,    1.383,
        39.7000,  -2.695163,    1.388,
        39.7500,  -2.691038,    1.393,
        39.8000,  -2.686817,    1.398,
        39.8500,  -2.682704,    1.403,
        39.9000,  -2.678514,    1.409,
        39.9500,  -2.674382,    1.413,
        40.0000,  -2.670170,    1.419,
        40.0500,  -2.665818,    1.425,
        40.1000,  -2.661773,    1.429,
        40.1500,  -2.657521,    1.434,
        40.2000,  -2.653516,    1.438,
        40.2500,  -2.649255,    1.444,
        40.3000,  -2.645126,    1.449,
        40.3500,  -2.641006,    1.453,
        40.4000,  -2.636858,    1.457,
        40.4500,  -2.632684,    1.461,
        40.5000,  -2.628589,    1.466,
        40.5500,  -2.624390,    1.471,
        40.6000,  -2.620245,    1.476,
        40.6500,  -2.615924,    1.480,
        40.7000,  -2.611754,    1.485,
        40.7500,  -2.607624,    1.489,
        40.8000,  -2.603447,    1.494,
        40.8500,  -2.599249,    1.498,
        40.9000,  -2.595055,    1.503,
        40.9500,  -2.591052,    1.505,
        41.0000,  -2.586768,    1.509,
        41.0500,  -2.582670,    1.514,
        41.1000,  -2.578517,    1.518,
        41.1500,  -2.574344,    1.521,
        41.2000,  -2.570265,    1.524,
        41.2500,  -2.566003,    1.530,
        41.3000,  -2.561692,    1.534,
        41.3500,  -2.557589,    1.539,
        41.4000,  -2.553397,    1.543,
        41.4500,  -2.549200,    1.547,
        41.5000,  -2.545110,    1.551,
        41.5500,  -2.541087,    1.556,
        41.6000,  -2.536787,    1.562,
        41.6500,  -2.532600,    1.566,
        41.7000,  -2.528550,    1.568,
        41.7500,  -2.524321,    1.572,
        41.8000,  -2.520137,    1.577,
        41.8500,  -2.516138,    1.580,
        41.9000,  -2.511642,    1.586,
        41.9500,  -2.507670,    1.590,
        42.0000,  -2.503368,    1.596,
        42.0500,  -2.499199,    1.600,
        42.1000,  -2.495208,    1.604,
        42.1500,  -2.490947,    1.610,
        42.2000,  -2.486764,    1.614,
        42.2500,  -2.482659,    1.618,
        42.3000,  -2.478458,    1.622,
        42.3500,  -2.474381,    1.626,
        42.4000,  -2.470259,    1.631,
        42.4500,  -2.466003,    1.636,
        42.5000,  -2.461792,    1.640,
        42.5500,  -2.457637,    1.644,
        42.6000,  -2.453435,    1.648,
        42.6500,  -2.449265,    1.652,
        42.7000,  -2.445093,    1.656,
        42.7500,  -2.440986,    1.659,
        42.8000,  -2.436822,    1.663,
        42.8500,  -2.432540,    1.668,
        42.9000,  -2.428491,    1.669,
        42.9500,  -2.424317,    1.672,
        43.0000,  -2.420163,    1.677,
        43.0500,  -2.416107,    1.680,
        43.1000,  -2.411846,    1.685,
        43.1500,  -2.407640,    1.689,
        43.2000,  -2.403481,    1.694,
        43.2500,  -2.399205,    1.696,
        43.3000,  -2.395096,    1.700,
        43.3500,  -2.390884,    1.702,
        43.4000,  -2.386818,    1.705,
        43.4500,  -2.382630,    1.708,
        43.5000,  -2.378460,    1.711,
        43.5500,  -2.374252,    1.715,
        43.6000,  -2.370097,    1.716,
        43.6500,  -2.366017,    1.717,
        43.7000,  -2.361841,    1.719,
        43.7500,  -2.357690,    1.720,
        43.8000,  -2.353384,    1.720,
        43.8500,  -2.349130,    1.720,
        43.9000,  -2.345052,    1.721,
        43.9500,  -2.340848,    1.721,
        44.0000,  -2.336659,    1.719,
        44.0500,  -2.332180,    1.695,
        44.1000,  -2.328282,    1.683,
        44.1500,  -2.324220,    1.680,
        44.2000,  -2.320089,    1.680,
        44.2500,  -2.316035,    1.680,
        44.3000,  -2.311789,    1.681,
        44.3500,  -2.307676,    1.683,
        44.4000,  -2.303565,    1.684,
        44.4500,  -2.299160,    1.687,
        44.5000,  -2.295122,    1.690,
        44.5500,  -2.290842,    1.692,
        44.6000,  -2.286741,    1.694,
        44.6500,  -2.282606,    1.696,
        44.7000,  -2.278393,    1.699,
        44.7500,  -2.274272,    1.701,
        44.8000,  -2.270007,    1.703,
        44.8500,  -2.265954,    1.704,
        44.9000,  -2.261750,    1.705,
        44.9500,  -2.257711,    1.704,
        45.0000,  -2.253397,    1.703,
        45.0500,  -2.249073,    1.693,
        45.1000,  -2.243873,    1.636,
        45.1500,  -2.239681,    1.542,
        45.2000,  -2.236259,    1.502,
        45.2500,  -2.232019,    1.475,
        45.3000,  -2.228153,    1.450,
        45.3500,  -2.224045,    1.438,
        45.4000,  -2.219984,    1.431,
        45.4500,  -2.215841,    1.425,
        45.5000,  -2.211510,    1.420,
        45.5500,  -2.207620,    1.413,
        45.6000,  -2.203349,    1.405,
        45.6500,  -2.199050,    1.396,
        45.7000,  -2.195045,    1.386,
        45.7500,  -2.190604,    1.376,
        45.8000,  -2.186586,    1.369,
        45.8500,  -2.182425,    1.363,
        45.9000,  -2.178327,    1.361,
        45.9500,  -2.174134,    1.360,
        46.0000,  -2.169987,    1.360,
        46.0500,  -2.166021,    1.360,
        46.1000,  -2.161722,    1.362,
        46.1500,  -2.157610,    1.364,
        46.2000,  -2.153506,    1.367,
        46.2500,  -2.149295,    1.369,
        46.3000,  -2.145156,    1.371,
        46.3500,  -2.140889,    1.374,
        46.4000,  -2.136649,    1.377,
        46.4500,  -2.132531,    1.379,
        46.5000,  -2.128441,    1.382,
        46.5500,  -2.124205,    1.386,
        46.6000,  -2.120018,    1.389,
        46.6500,  -2.115855,    1.392,
        46.7000,  -2.111874,    1.394,
        46.7500,  -2.107612,    1.398,
        46.8000,  -2.103405,    1.402,
        46.8500,  -2.099325,    1.404,
        46.9000,  -2.095223,    1.409,
        46.9500,  -2.091026,    1.413,
        47.0000,  -2.086728,    1.418,
        47.0500,  -2.082555,    1.423,
        47.1000,  -2.078343,    1.428,
        47.1500,  -2.074271,    1.432,
        47.2000,  -2.069956,    1.437,
        47.2500,  -2.065797,    1.442,
        47.3000,  -2.061844,    1.446,
        47.3500,  -2.057548,    1.451,
        47.4000,  -2.053491,    1.455,
        47.4500,  -2.049306,    1.461,
        47.5000,  -2.045083,    1.465,
        47.5500,  -2.041098,    1.470,
        47.6000,  -2.036811,    1.475,
        47.6500,  -2.032678,    1.480,
        47.7000,  -2.028335,    1.485,
        47.7500,  -2.024291,    1.490,
        47.8000,  -2.019965,    1.495,
        47.8500,  -2.015880,    1.500,
        47.9000,  -2.011670,    1.505,
        47.9500,  -2.007625,    1.509,
        48.0000,  -2.003406,    1.514,
        48.0500,  -1.999309,    1.518,
        48.1000,  -1.995169,    1.522,
        48.1500,  -1.990935,    1.526,
        48.2000,  -1.986858,    1.531,
        48.2500,  -1.982705,    1.536,
        48.3000,  -1.978388,    1.541,
        48.3500,  -1.974259,    1.545,
        48.4000,  -1.970023,    1.550,
        48.4500,  -1.965837,    1.555,
        48.5000,  -1.961801,    1.560,
        48.5500,  -1.957558,    1.565,
        48.6000,  -1.953356,    1.570,
        48.6500,  -1.949357,    1.574,
        48.7000,  -1.945122,    1.579,
        48.7500,  -1.940829,    1.584,
        48.8000,  -1.936846,    1.588,
        48.8500,  -1.932613,    1.593,
        48.9000,  -1.928533,    1.597,
        48.9500,  -1.924353,    1.601,
        49.0000,  -1.920120,    1.606,
        49.0500,  -1.915818,    1.610,
        49.1000,  -1.911670,    1.612,
        49.1500,  -1.907517,    1.615,
        49.2000,  -1.903435,    1.617,
        49.2500,  -1.899222,    1.619,
        49.3000,  -1.895017,    1.621,
        49.3500,  -1.890829,    1.623,
        49.4000,  -1.886903,    1.624,
        49.4500,  -1.882593,    1.627,
        49.5000,  -1.878569,    1.629,
        49.5500,  -1.874245,    1.632,
        49.6000,  -1.870233,    1.633,
        49.6500,  -1.865860,    1.637,
        49.7000,  -1.861660,    1.639,
        49.7500,  -1.857548,    1.641,
        49.8000,  -1.853273,    1.643,
        49.8500,  -1.849214,    1.644,
        49.9000,  -1.845086,    1.647,
        49.9500,  -1.840869,    1.650,
        50.0000,  -1.836687,    1.652,
        50.0500,  -1.832690,    1.654,
        50.1000,  -1.828458,    1.657,
        50.1500,  -1.824245,    1.660,
        50.2000,  -1.820189,    1.662,
        50.2500,  -1.815924,    1.666,
        50.3000,  -1.811667,    1.669,
        50.3500,  -1.807553,    1.673,
        50.4000,  -1.803448,    1.675,
        50.4500,  -1.799188,    1.678,
        50.5000,  -1.795023,    1.681,
        50.5500,  -1.790867,    1.682,
        50.6000,  -1.786771,    1.684,
        50.6500,  -1.782605,    1.687,
        50.7000,  -1.778500,    1.690,
        50.7500,  -1.774290,    1.693,
        50.8000,  -1.770155,    1.696,
        50.8500,  -1.766057,    1.700,
        50.9000,  -1.761907,    1.703,
        50.9500,  -1.757472,    1.707,
        51.0000,  -1.753310,    1.709,
        51.0500,  -1.749133,    1.712,
        51.1000,  -1.745050,    1.716,
        51.1500,  -1.740878,    1.721,
        51.2000,  -1.736838,    1.725,
        51.2500,  -1.732651,    1.730,
        51.3000,  -1.728367,    1.734,
        51.3500,  -1.724315,    1.738,
        51.4000,  -1.720220,    1.741,
        51.4500,  -1.715895,    1.743,
        51.5000,  -1.711857,    1.745,
        51.5500,  -1.707695,    1.749,
        51.6000,  -1.703388,    1.753,
        51.6500,  -1.699275,    1.757,
        51.7000,  -1.694950,    1.763,
        51.7500,  -1.690886,    1.766,
        51.8000,  -1.686770,    1.770,
        51.8500,  -1.682514,    1.775,
        51.9000,  -1.678397,    1.780,
        51.9500,  -1.674204,    1.784,
        52.0000,  -1.670148,    1.787,
        52.0500,  -1.665885,    1.791,
        52.1000,  -1.661796,    1.794,
        52.1500,  -1.657584,    1.797,
        52.2000,  -1.653418,    1.800,
        52.2500,  -1.649288,    1.802,
        52.3000,  -1.644998,    1.805,
        52.3500,  -1.640733,    1.805,
        52.4000,  -1.636594,    1.802,
        52.4500,  -1.632554,    1.802,
        52.5000,  -1.628331,    1.803,
        52.5500,  -1.624166,    1.804,
        52.6000,  -1.620008,    1.804,
        52.6500,  -1.615893,    1.802,
        52.7000,  -1.611705,    1.802,
        52.7500,  -1.607581,    1.801,
        52.8000,  -1.603434,    1.801,
        52.8500,  -1.599234,    1.800,
        52.9000,  -1.594910,    1.799,
        52.9500,  -1.590736,    1.799,
        53.0000,  -1.586685,    1.798,
        53.0500,  -1.582379,    1.793,
        53.1000,  -1.578229,    1.788,
        53.1500,  -1.574086,    1.783,
        53.2000,  -1.569896,    1.778,
        53.2500,  -1.565836,    1.768,
        53.3000,  -1.561588,    1.763,
        53.3500,  -1.557472,    1.756,
        53.4000,  -1.553353,    1.751,
        53.4500,  -1.549223,    1.747,
        53.5000,  -1.545000,    1.745,
        53.5500,  -1.540793,    1.745,
        53.6000,  -1.536524,    1.745,
        53.6500,  -1.532427,    1.743,
        53.7000,  -1.528279,    1.741,
        53.7500,  -1.524174,    1.740,
        53.8000,  -1.519928,    1.738,
        53.8500,  -1.515738,    1.734,
        53.9000,  -1.511714,    1.730,
        53.9500,  -1.507505,    1.727,
        54.0000,  -1.503368,    1.723,
        54.0500,  -1.499162,    1.721,
        54.1000,  -1.495124,    1.719,
        54.1500,  -1.490793,    1.717,
        54.2000,  -1.486742,    1.713,
        54.2500,  -1.482299,    1.712,
        54.3000,  -1.478204,    1.709,
        54.3500,  -1.474041,    1.705,
        54.4000,  -1.469938,    1.702,
        54.4500,  -1.465774,    1.699,
        54.5000,  -1.461634,    1.696,
        54.5500,  -1.457467,    1.694,
        54.6000,  -1.453321,    1.692,
        54.6500,  -1.449156,    1.692,
        54.7000,  -1.445128,    1.692,
        54.7500,  -1.440849,    1.694,
        54.8000,  -1.436757,    1.694,
        54.8500,  -1.432691,    1.696,
        54.9000,  -1.428181,    1.699,
        54.9500,  -1.424128,    1.701,
        55.0000,  -1.419971,    1.701,
        55.0500,  -1.415757,    1.696,
        55.1000,  -1.411507,    1.690,
        55.1500,  -1.407423,    1.683,
        55.2000,  -1.403263,    1.679,
        55.2500,  -1.399130,    1.678,
        55.3000,  -1.395068,    1.677,
        55.3500,  -1.390814,    1.678,
        55.4000,  -1.386762,    1.679,
        55.4500,  -1.382644,    1.680,
        55.5000,  -1.378502,    1.683,
        55.5500,  -1.374100,    1.686,
        55.6000,  -1.369937,    1.688,
        55.6500,  -1.365870,    1.690,
        55.7000,  -1.361649,    1.692,
        55.7500,  -1.357533,    1.693,
        55.8000,  -1.353238,    1.696,
        55.8500,  -1.349234,    1.697,
        55.9000,  -1.344935,    1.696,
        55.9500,  -1.340993,    1.696,
        56.0000,  -1.336774,    1.699,
        56.0500,  -1.332607,    1.701,
        56.1000,  -1.328408,    1.704,
        56.1500,  -1.324302,    1.706,
        56.2000,  -1.319982,    1.709,
        56.2500,  -1.315848,    1.712,
        56.3000,  -1.311680,    1.716,
        56.3500,  -1.307480,    1.720,
        56.4000,  -1.303437,    1.723,
        56.4500,  -1.299215,    1.728,
        56.5000,  -1.295092,    1.731,
        56.5500,  -1.290759,    1.735,
        56.6000,  -1.286880,    1.737,
        56.6500,  -1.282563,    1.742,
        56.7000,  -1.278465,    1.746,
        56.7500,  -1.274271,    1.749,
        56.8000,  -1.270182,    1.752,
        56.8500,  -1.265703,    1.751,
        56.9000,  -1.261669,    1.749,
        56.9500,  -1.257285,    1.743,
        57.0000,  -1.253231,    1.737,
        57.0500,  -1.249180,    1.740,
        57.1000,  -1.245008,    1.742,
        57.1500,  -1.240903,    1.744,
        57.2000,  -1.236671,    1.747,
        57.2500,  -1.232613,    1.749,
        57.3000,  -1.228475,    1.751,
        57.3500,  -1.224268,    1.753,
        57.4000,  -1.220084,    1.756,
        57.4500,  -1.216000,    1.758,
        57.5000,  -1.211691,    1.761,
        57.5500,  -1.207387,    1.764,
        57.6000,  -1.203235,    1.765,
        57.6500,  -1.199132,    1.766,
        57.7000,  -1.195037,    1.767,
        57.7500,  -1.190871,    1.768,
        57.8000,  -1.186715,    1.770,
        57.8500,  -1.182393,    1.770,
        57.9000,  -1.177952,    1.749,
        57.9500,  -1.173715,    1.703,
        58.0000,  -1.170117,    1.701,
        58.0500,  -1.165932,    1.700,
        58.1000,  -1.161785,    1.699,
        58.1500,  -1.157399,    1.701,
        58.2000,  -1.153316,    1.701,
        58.2500,  -1.149163,    1.703,
        58.3000,  -1.144952,    1.704,
        58.3500,  -1.140871,    1.705,
        58.4000,  -1.136605,    1.707,
        58.4500,  -1.132589,    1.707,
        58.5000,  -1.128383,    1.706,
        58.5500,  -1.124205,    1.707,
        58.6000,  -1.120157,    1.709,
        58.6500,  -1.115949,    1.711,
        58.7000,  -1.111775,    1.715,
        58.7500,  -1.107557,    1.718,
        58.8000,  -1.103484,    1.722,
        58.8500,  -1.099016,    1.726,
        58.9000,  -1.095036,    1.730,
        58.9500,  -1.090895,    1.734,
        59.0000,  -1.086757,    1.738,
        59.0500,  -1.082423,    1.743,
        59.1000,  -1.078552,    1.745,
        59.1500,  -1.074232,    1.749,
        59.2000,  -1.069985,    1.753,
        59.2500,  -1.065978,    1.755,
        59.3000,  -1.061804,    1.759,
        59.3500,  -1.057610,    1.762,
        59.4000,  -1.053513,    1.766,
        59.4500,  -1.049259,    1.771,
        59.5000,  -1.044928,    1.775,
        59.5500,  -1.040746,    1.778,
        59.6000,  -1.036730,    1.780,
        59.6500,  -1.032476,    1.780,
        59.7000,  -1.028350,    1.785,
        59.7500,  -1.024305,    1.788,
        59.8000,  -1.019988,    1.792,
        59.8500,  -1.015879,    1.791,
        59.9000,  -1.011823,    1.795,
        59.9500,  -1.007651,    1.800,
        60.0000,  -1.003351,    1.805,
        60.0500,  -0.999394,    1.809,
        60.1000,  -0.995030,    1.814,
        60.1500,  -0.990829,    1.818,
        60.2000,  -0.986699,    1.822,
        60.2500,  -0.982571,    1.826,
        60.3000,  -0.978282,    1.831,
        60.3500,  -0.974219,    1.835,
        60.4000,  -0.970061,    1.839,
        60.4500,  -0.965917,    1.844,
        60.5000,  -0.961702,    1.848,
        60.5500,  -0.957590,    1.852,
        60.6000,  -0.953448,    1.855,
        60.6500,  -0.949248,    1.859,
        60.7000,  -0.945150,    1.864,
        60.7500,  -0.940798,    1.869,
        60.8000,  -0.936543,    1.873,
        60.8500,  -0.932613,    1.877,
        60.9000,  -0.928253,    1.882,
        60.9500,  -0.924339,    1.886,
        61.0000,  -0.919956,    1.891,
        61.0500,  -0.915887,    1.895,
        61.1000,  -0.911757,    1.900,
        61.1500,  -0.907599,    1.904,
        61.2000,  -0.903474,    1.909,
        61.2500,  -0.899272,    1.914,
        61.3000,  -0.895041,    1.919,
        61.3500,  -0.890998,    1.923,
        61.4000,  -0.886675,    1.928,
        61.4500,  -0.882442,    1.933,
        61.5000,  -0.878327,    1.938,
        61.5500,  -0.874183,    1.942,
        61.6000,  -0.869984,    1.947,
        61.6500,  -0.865816,    1.953,
        61.7000,  -0.861821,    1.957,
        61.7500,  -0.857535,    1.963,
        61.8000,  -0.853425,    1.967,
        61.8500,  -0.849285,    1.972,
        61.9000,  -0.845051,    1.979,
        61.9500,  -0.841078,    1.983,
        62.0000,  -0.836751,    1.988,
        62.0500,  -0.832522,    1.994,
        62.1000,  -0.828244,    1.999,
        62.1500,  -0.824215,    2.004,
        62.2000,  -0.820009,    2.009,
        62.2500,  -0.815739,    2.015,
        62.3000,  -0.811762,    2.019,
        62.3500,  -0.807561,    2.024,
        62.4000,  -0.803465,    2.029,
        62.4500,  -0.799126,    2.035,
        62.5000,  -0.795121,    2.039,
        62.5500,  -0.790957,    2.045,
        62.6000,  -0.786691,    2.050,
        62.6500,  -0.782532,    2.055,
        62.7000,  -0.778331,    2.060,
        62.7500,  -0.774137,    2.064,
        62.8000,  -0.770069,    2.069,
        62.8500,  -0.765833,    2.074,
        62.9000,  -0.761781,    2.079,
        62.9500,  -0.757547,    2.084,
        63.0000,  -0.753424,    2.089,
        63.0500,  -0.749270,    2.094,
        63.1000,  -0.745112,    2.099,
        63.1500,  -0.740868,    2.104,
        63.2000,  -0.736854,    2.108,
        63.2500,  -0.732604,    2.114,
        63.3000,  -0.728354,    2.118,
        63.3500,  -0.724138,    2.122,
        63.4000,  -0.720083,    2.126,
        63.4500,  -0.715788,    2.131,
        63.5000,  -0.711682,    2.133,
        63.5500,  -0.707468,    2.138,
        63.6000,  -0.703376,    2.142,
        63.6500,  -0.699182,    2.147,
        63.7000,  -0.695091,    2.152,
        63.7500,  -0.690990,    2.157,
        63.8000,  -0.686757,    2.161,
        63.8500,  -0.682569,    2.163,
        63.9000,  -0.678449,    2.166,
        63.9500,  -0.674117,    2.171,
        64.0000,  -0.670011,    2.175,
        64.0500,  -0.665803,    2.182,
        64.1000,  -0.661701,    2.186,
        64.1500,  -0.657578,    2.191,
        64.2000,  -0.653337,    2.196,
        64.2500,  -0.649309,    2.200,
        64.3000,  -0.645051,    2.205,
        64.3500,  -0.640961,    2.209,
        64.4000,  -0.636792,    2.214,
        64.4500,  -0.632624,    2.220,
        64.5000,  -0.628549,    2.224,
        64.5500,  -0.624213,    2.229,
        64.6000,  -0.619995,    2.234,
        64.6500,  -0.615779,    2.238,
        64.7000,  -0.611645,    2.243,
        64.7500,  -0.607573,    2.247,
        64.8000,  -0.603379,    2.252,
        64.8500,  -0.599192,    2.255,
        64.9000,  -0.595028,    2.259,
        64.9500,  -0.590957,    2.263,
        65.0000,  -0.586730,    2.268,
        65.0500,  -0.582702,    2.272,
        65.1000,  -0.578485,    2.277,
        65.1500,  -0.574341,    2.281,
        65.2000,  -0.569948,    2.287,
        65.2500,  -0.565826,    2.291,
        65.3000,  -0.561551,    2.296,
        65.3500,  -0.557564,    2.295,
        65.4000,  -0.553306,    2.297,
        65.4500,  -0.549216,    2.302,
        65.5000,  -0.545137,    2.306,
        65.5500,  -0.540791,    2.311,
        65.6000,  -0.536788,    2.315,
        65.6500,  -0.532608,    2.320,
        65.7000,  -0.528487,    2.325,
        65.7500,  -0.524359,    2.329,
        65.8000,  -0.519956,    2.335,
        65.8500,  -0.515837,    2.339,
        65.9000,  -0.511760,    2.343,
        65.9500,  -0.507413,    2.348,
        66.0000,  -0.503350,    2.351,
        66.0500,  -0.499127,    2.355,
        66.1000,  -0.494991,    2.358,
        66.1500,  -0.490901,    2.362,
        66.2000,  -0.486872,    2.365,
        66.2500,  -0.482623,    2.369,
        66.3000,  -0.478492,    2.373,
        66.3500,  -0.474287,    2.377,
        66.4000,  -0.470088,    2.381,
        66.4500,  -0.465762,    2.385,
        66.5000,  -0.461670,    2.388,
        66.5500,  -0.457547,    2.392,
        66.6000,  -0.453219,    2.396,
        66.6500,  -0.449316,    2.399,
        66.7000,  -0.444914,    2.404,
        66.7500,  -0.440931,    2.408,
        66.8000,  -0.436711,    2.412,
        66.8500,  -0.432672,    2.415,
        66.9000,  -0.428467,    2.418,
        66.9500,  -0.424551,    2.421,
        67.0000,  -0.419677,    2.427,
        67.0500,  -0.415713,    2.428,
        67.1000,  -0.411679,    2.429,
        67.1500,  -0.407495,    2.430,
        67.2000,  -0.403382,    2.430,
        67.2500,  -0.399024,    2.431,
        67.3000,  -0.395002,    2.425,
        67.3500,  -0.390595,    2.418,
        67.4000,  -0.384765,    2.310,
        67.4500,  -0.381826,    2.224,
        67.5000,  -0.378177,    2.200,
        67.5500,  -0.374006,    2.182,
        67.6000,  -0.369950,    2.174,
        67.6500,  -0.365879,    2.170,
        67.7000,  -0.361448,    2.165,
        67.7500,  -0.356860,    2.141,
        67.8000,  -0.352835,    2.097,
        67.8500,  -0.349046,    2.089,
        67.9000,  -0.344914,    2.086,
        67.9500,  -0.340831,    2.085,
        68.0000,  -0.336656,    2.085,
        68.0500,  -0.332507,    2.085,
        68.1000,  -0.328393,    2.084,
        68.1500,  -0.324185,    2.083,
        68.2000,  -0.319901,    2.077,
        68.2500,  -0.315837,    2.073,
        68.3000,  -0.311611,    2.073,
        68.3500,  -0.307365,    2.075,
        68.4000,  -0.303304,    2.075,
        68.4500,  -0.299090,    2.075,
        68.5000,  -0.294966,    2.075,
        68.5500,  -0.290832,    2.076,
        68.6000,  -0.286624,    2.078,
        68.6500,  -0.282599,    2.079,
        68.7000,  -0.278362,    2.082,
        68.7500,  -0.274184,    2.085,
        68.8000,  -0.270123,    2.087,
        68.8500,  -0.265924,    2.089,
        68.9000,  -0.261659,    2.093,
        68.9500,  -0.257413,    2.096,
        69.0000,  -0.253214,    2.097,
        69.0500,  -0.249097,    2.097,
        69.1000,  -0.244993,    2.097,
        69.1500,  -0.240717,    2.098,
        69.2000,  -0.236723,    2.098,
        69.2500,  -0.232512,    2.100,
        69.3000,  -0.228343,    2.100,
        69.3500,  -0.224146,    2.100,
        69.4000,  -0.220044,    2.099,
        69.4500,  -0.215906,    2.100,
        69.5000,  -0.211563,    2.101,
        69.5500,  -0.207326,    2.101,
        69.6000,  -0.203313,    2.100,
        69.6500,  -0.199051,    2.100,
        69.7000,  -0.194975,    2.098,
        69.7500,  -0.190808,    2.098,
        69.8000,  -0.186514,    2.095,
        69.8500,  -0.182569,    2.094,
        69.9000,  -0.178358,    2.094,
        69.9500,  -0.174065,    2.089,
        70.0000,  -0.169992,    2.087,
        70.0500,  -0.165889,    2.084,
        70.1000,  -0.161478,    2.081,
        70.1500,  -0.157310,    2.071,
        70.2000,  -0.153121,    2.066,
        70.2500,  -0.149059,    2.063,
        70.3000,  -0.144952,    2.058,
        70.3500,  -0.140710,    2.056,
        70.4000,  -0.136661,    2.053,
        70.4500,  -0.132327,    2.052,
        70.5000,  -0.128355,    2.047,
        70.5500,  -0.124126,    2.045,
        70.6000,  -0.119882,    2.039,
        70.6500,  -0.115763,    2.024,
        70.7000,  -0.111406,    2.013,
        70.7500,  -0.107346,    2.010,
        70.8000,  -0.103171,    2.006,
        70.8500,  -0.099041,    1.997,
        70.9000,  -0.094998,    1.995,
        70.9500,  -0.090686,    1.991,
        71.0000,  -0.086629,    1.987,
        71.0500,  -0.082414,    1.986,
        71.1000,  -0.078403,    1.983,
        71.1500,  -0.074141,    1.980,
        71.2000,  -0.070058,    1.977,
        71.2500,  -0.065913,    1.975,
        71.3000,  -0.061566,    1.974,
        71.3500,  -0.057361,    1.974,
        71.4000,  -0.053296,    1.972,
        71.4500,  -0.048837,    1.959,
        71.5000,  -0.044834,    1.947,
        71.5500,  -0.040769,    1.944,
        71.6000,  -0.036664,    1.940,
        71.6500,  -0.032358,    1.934,
        71.7000,  -0.028370,    1.928,
        71.7500,  -0.024097,    1.925,
        71.8000,  -0.020100,    1.922,
        71.8500,  -0.015858,    1.921,
        71.9000,  -0.011540,    1.919,
        71.9500,  -0.007399,    1.917,
        72.0000,  -0.003227,    1.915,
        72.0500,   0.001070,    1.914,
        72.1000,   0.005301,    1.908,
        72.1500,   0.009551,    1.886,
        72.2000,   0.013566,    1.883,
        72.2500,   0.017736,    1.879,
        72.3000,   0.021854,    1.874,
        72.3500,   0.026022,    1.871,
        72.4000,   0.030192,    1.869,
        72.4500,   0.034338,    1.866,
        72.5000,   0.038651,    1.863,
        72.5500,   0.042793,    1.862,
        72.6000,   0.046881,    1.861,
        72.6500,   0.051172,    1.861,
        72.7000,   0.055105,    1.860,
        72.7500,   0.059426,    1.860,
        72.8000,   0.063520,    1.860,
        72.8500,   0.067614,    1.860,
        72.9000,   0.071928,    1.860,
        72.9500,   0.075811,    1.859,
        73.0000,   0.080200,    1.860,
        73.0500,   0.084314,    1.860,
        73.1000,   0.088635,    1.859,
        73.1500,   0.092770,    1.858,
        73.2000,   0.096949,    1.858,
        73.2500,   0.101092,    1.858,
        73.3000,   0.105180,    1.856,
        73.3500,   0.109371,    1.856,
        73.4000,   0.113561,    1.854,
        73.4500,   0.117708,    1.853,
        73.5000,   0.121842,    1.849,
        73.5500,   0.125992,    1.847,
        73.6000,   0.130122,    1.845,
        73.6500,   0.134367,    1.842,
        73.7000,   0.138662,    1.841,
        73.7500,   0.142820,    1.839,
        73.8000,   0.146968,    1.835,
        73.8500,   0.151118,    1.831,
        73.9000,   0.155236,    1.827,
        73.9500,   0.159405,    1.823,
        74.0000,   0.163646,    1.817,
        74.0500,   0.167920,    1.797,
        74.1000,   0.172336,    1.768,
        74.1500,   0.177231,    1.670,
        74.2000,   0.180405,    1.635,
        74.2500,   0.184666,    1.619,
        74.3000,   0.188904,    1.602,
        74.3500,   0.192857,    1.589,
        74.4000,   0.197117,    1.581,
        74.4500,   0.201156,    1.573,
        74.5000,   0.205169,    1.567,
        74.5500,   0.209459,    1.562,
        74.6000,   0.213730,    1.548,
        74.6500,   0.217757,    1.539,
        74.7000,   0.221853,    1.534,
        74.7500,   0.226022,    1.528,
        74.8000,   0.230407,    1.519,
        74.8500,   0.234572,    1.516,
        74.9000,   0.238568,    1.512,
        74.9500,   0.242753,    1.509,
        75.0000,   0.246956,    1.508,
        75.0500,   0.251046,    1.507,
        75.1000,   0.255273,    1.505,
        75.1500,   0.259370,    1.505,
        75.2000,   0.263435,    1.505,
        75.2500,   0.267646,    1.505,
        75.3000,   0.271854,    1.506,
        75.3500,   0.275971,    1.507,
        75.4000,   0.280229,    1.508,
        75.4500,   0.284442,    1.509,
        75.5000,   0.288644,    1.510,
        75.5500,   0.292739,    1.511,
        75.6000,   0.296858,    1.512,
        75.6500,   0.301028,    1.512,
        75.7000,   0.305258,    1.512,
        75.7500,   0.309283,    1.513,
        75.8000,   0.313536,    1.514,
        75.8500,   0.317621,    1.514,
        75.9000,   0.321660,    1.514,
        75.9500,   0.326259,    1.516,
        76.0000,   0.330260,    1.516,
        76.0500,   0.334483,    1.516,
        76.1000,   0.338562,    1.516,
        76.1500,   0.342819,    1.514,
        76.2000,   0.346987,    1.505,
        76.2500,   0.351104,    1.502,
        76.3000,   0.355159,    1.501,
        76.3500,   0.359405,    1.500,
        76.4000,   0.363483,    1.499,
        76.4500,   0.367681,    1.497,
        76.5000,   0.371831,    1.495,
        76.5500,   0.376141,    1.494,
        76.6000,   0.380271,    1.491,
        76.6500,   0.384613,    1.488,
        76.7000,   0.388654,    1.486,
        76.7500,   0.392687,    1.484,
        76.8000,   0.396949,    1.483,
        76.8500,   0.400998,    1.482,
        76.9000,   0.405189,    1.482,
        76.9500,   0.409371,    1.481,
        77.0000,   0.413513,    1.481,
        77.0500,   0.417603,    1.481,
        77.1000,   0.422067,    1.482,
        77.1500,   0.426068,    1.480,
        77.2000,   0.430328,    1.480,
        77.2500,   0.434380,    1.479,
        77.3000,   0.438670,    1.476,
        77.3500,   0.442848,    1.469,
        77.4000,   0.446986,    1.459,
        77.4500,   0.451123,    1.451,
        77.5000,   0.455229,    1.447,
        77.5500,   0.459302,    1.442,
        77.6000,   0.463656,    1.439,
        77.6500,   0.467775,    1.435,
        77.7000,   0.471940,    1.432,
        77.7500,   0.476154,    1.430,
        77.8000,   0.480296,    1.427,
        77.8500,   0.484471,    1.424,
        77.9000,   0.488622,    1.413,
        77.9500,   0.492780,    1.410,
        78.0000,   0.496970,    1.407,
        78.0500,   0.500989,    1.404,
        78.1000,   0.505276,    1.400,
        78.1500,   0.509308,    1.396,
        78.2000,   0.513580,    1.392,
        78.2500,   0.517884,    1.390,
        78.3000,   0.521962,    1.384,
        78.3500,   0.526131,    1.379,
        78.4000,   0.530346,    1.368,
        78.4500,   0.534557,    1.355,
        78.5000,   0.538631,    1.349,
        78.5500,   0.542777,    1.344,
        78.6000,   0.546847,    1.337,
        78.6500,   0.551127,    1.332,
        78.7000,   0.555116,    1.327,
        78.7500,   0.559415,    1.324,
        78.8000,   0.563733,    1.320,
        78.8500,   0.567838,    1.316,
        78.9000,   0.571910,    1.314,
        78.9500,   0.576167,    1.311,
        79.0000,   0.580282,    1.308,
        79.0500,   0.584397,    1.306,
        79.1000,   0.588478,    1.302,
        79.1500,   0.592844,    1.295,
        79.2000,   0.596882,    1.291,
        79.2500,   0.600997,    1.287,
        79.3000,   0.605134,    1.282,
        79.3500,   0.609541,    1.280,
        79.4000,   0.613633,    1.277,
        79.4500,   0.617731,    1.274,
        79.5000,   0.621936,    1.272,
        79.5500,   0.626123,    1.270,
        79.6000,   0.630244,    1.266,
        79.6500,   0.634313,    1.264,
        79.7000,   0.638507,    1.262,
        79.7500,   0.642657,    1.258,
        79.8000,   0.646898,    1.249,
        79.8500,   0.651069,    1.243,
        79.9000,   0.655392,    1.239,
        79.9500,   0.659546,    1.231,
        80.0000,   0.663677,    1.220,
        80.0500,   0.667793,    1.211,
        80.1000,   0.672022,    1.200,
        80.1500,   0.676188,    1.190,
        80.2000,   0.680288,    1.178,
        80.2500,   0.684431,    1.169,
        80.3000,   0.688669,    1.158,
        80.3500,   0.693065,    1.133,
        80.4000,   0.697132,    1.095,
        80.4500,   0.701197,    1.084,
        80.5000,   0.705403,    1.074,
        80.5500,   0.709494,    1.066,
        80.6000,   0.713623,    1.058,
        80.6500,   0.717854,    1.051,
        80.7000,   0.722089,    1.047,
        80.7500,   0.726022,    1.042,
        80.8000,   0.730152,    1.038,
        80.8500,   0.734368,    1.035,
        80.9000,   0.738430,    1.031,
        80.9500,   0.742673,    1.028,
        81.0000,   0.746949,    1.026,
        81.0500,   0.751066,    1.023,
        81.1000,   0.755297,    1.021,
        81.1500,   0.759350,    1.020,
        81.2000,   0.763603,    1.018,
        81.2500,   0.767769,    1.015,
        81.3000,   0.771877,    1.012,
        81.3500,   0.775913,    1.009,
        81.4000,   0.780240,    1.007,
        81.4500,   0.784377,    1.005,
        81.5000,   0.788369,    1.002,
        81.5500,   0.792742,    1.001,
        81.6000,   0.796970,    0.999,
        81.6500,   0.801087,    0.998,
        81.7000,   0.805297,    0.997,
        81.7500,   0.809359,    0.995,
        81.8000,   0.813513,    0.994,
        81.8500,   0.817712,    0.993,
        81.9000,   0.821790,    0.991,
        81.9500,   0.825962,    0.989,
        82.0000,   0.830204,    0.987,
        82.0500,   0.834320,    0.986,
        82.1000,   0.838627,    0.984,
        82.1500,   0.842713,    0.983,
        82.2000,   0.846960,    0.982,
        82.2500,   0.851040,    0.981,
        82.3000,   0.855280,    0.981,
        82.3500,   0.859290,    0.980,
        82.4000,   0.863559,    0.978,
        82.4500,   0.867777,    0.976,
        82.5000,   0.871771,    0.974,
        82.5500,   0.875918,    0.973,
        82.6000,   0.880174,    0.973,
        82.6500,   0.884519,    0.972,
        82.7000,   0.888567,    0.972,
        82.7500,   0.892791,    0.972,
        82.8000,   0.896875,    0.971,
        82.8500,   0.901129,    0.968,
        82.9000,   0.905183,    0.965,
        82.9500,   0.909355,    0.961,
        83.0000,   0.913624,    0.959,
        83.0500,   0.917604,    0.957,
        83.1000,   0.921874,    0.954,
        83.1500,   0.926039,    0.952,
        83.2000,   0.930372,    0.950,
        83.2500,   0.934462,    0.948,
        83.3000,   0.938493,    0.946,
        83.3500,   0.942677,    0.945,
        83.4000,   0.946878,    0.944,
        83.4500,   0.951112,    0.944,
        83.5000,   0.955158,    0.942,
        83.5500,   0.959342,    0.942,
        83.6000,   0.963531,    0.941,
        83.6500,   0.967668,    0.940,
        83.7000,   0.971836,    0.940,
        83.7500,   0.976221,    0.940,
        83.8000,   0.980187,    0.939,
        83.8500,   0.984439,    0.938,
        83.9000,   0.988577,    0.937,
        83.9500,   0.992693,    0.936,
        84.0000,   0.996907,    0.935,
        84.0500,   1.000961,    0.934,
        84.1000,   1.005115,    0.934,
        84.1500,   1.009314,    0.933,
        84.2000,   1.013600,    0.932,
        84.2500,   1.017758,    0.932,
        84.3000,   1.021951,    0.931,
        84.3500,   1.026077,    0.930,
        84.4000,   1.030274,    0.929,
        84.4500,   1.034388,    0.928,
        84.5000,   1.038468,    0.925,
        84.5500,   1.042787,    0.924,
        84.6000,   1.046773,    0.921,
        84.6500,   1.051152,    0.917,
        84.7000,   1.055150,    0.914,
        84.7500,   1.059495,    0.911,
        84.8000,   1.063717,    0.905,
        84.8500,   1.067761,    0.902,
        84.9000,   1.071966,    0.898,
        84.9500,   1.076062,    0.894,
        85.0000,   1.080337,    0.892,
        85.0500,   1.084466,    0.886,
        85.1000,   1.088517,    0.881,
        85.1500,   1.092655,    0.878,
        85.2000,   1.096907,    0.875,
        85.2500,   1.101062,    0.873,
        85.3000,   1.105204,    0.870,
        85.3500,   1.109485,    0.868,
        85.4000,   1.113609,    0.867,
        85.4500,   1.117684,    0.864,
        85.5000,   1.121853,    0.861,
        85.5500,   1.126052,    0.858,
        85.6000,   1.130311,    0.854,
        85.6500,   1.134363,    0.848,
        85.7000,   1.138591,    0.845,
        85.7500,   1.142696,    0.841,
        85.8000,   1.147030,    0.837,
        85.8500,   1.151098,    0.833,
        85.9000,   1.155251,    0.829,
        85.9500,   1.159411,    0.825,
        86.0000,   1.163651,    0.821,
        86.0500,   1.167840,    0.814,
        86.1000,   1.171854,    0.809,
        86.1500,   1.176038,    0.806,
        86.2000,   1.180131,    0.801,
        86.2500,   1.184452,    0.797,
        86.3000,   1.188430,    0.793,
        86.3500,   1.192730,    0.791,
        86.4000,   1.197027,    0.789,
        86.4500,   1.201063,    0.787,
        86.5000,   1.205264,    0.785,
        86.5500,   1.209420,    0.783,
        86.6000,   1.213558,    0.780,
        86.6500,   1.217634,    0.778,
        86.7000,   1.221791,    0.777,
        86.7500,   1.226054,    0.776,
        86.8000,   1.230075,    0.774,
        86.8500,   1.234337,    0.773,
        86.9000,   1.238663,    0.772,
        86.9500,   1.242810,    0.770,
        87.0000,   1.246896,    0.770,
        87.0500,   1.250988,    0.768,
        87.1000,   1.255284,    0.768,
        87.1500,   1.259206,    0.766,
        87.2000,   1.263597,    0.766,
        87.2500,   1.267596,    0.764,
        87.3000,   1.271819,    0.764,
        87.3500,   1.275913,    0.762,
        87.4000,   1.280324,    0.762,
        87.4500,   1.284409,    0.760,
        87.5000,   1.288548,    0.759,
        87.5500,   1.292637,    0.757,
        87.6000,   1.296853,    0.757,
        87.6500,   1.300979,    0.755,
        87.7000,   1.305080,    0.754,
        87.7500,   1.309394,    0.753,
        87.8000,   1.313392,    0.751,
        87.8500,   1.317676,    0.749,
        87.9000,   1.321777,    0.747,
        87.9500,   1.326171,    0.745,
        88.0000,   1.330369,    0.744,
        88.0500,   1.334277,    0.743,
        88.1000,   1.338549,    0.741,
        88.1500,   1.342671,    0.739,
        88.2000,   1.346718,    0.737,
        88.2500,   1.350977,    0.735,
        88.3000,   1.355073,    0.734,
        88.3500,   1.359324,    0.731,
        88.4000,   1.363562,    0.728,
        88.4500,   1.367904,    0.725,
        88.5000,   1.371829,    0.722,
        88.5500,   1.376113,    0.721,
        88.6000,   1.380222,    0.718,
        88.6500,   1.384324,    0.716,
        88.7000,   1.388559,    0.713,
        88.7500,   1.392515,    0.711,
        88.8000,   1.396947,    0.709,
        88.8500,   1.400920,    0.706,
        88.9000,   1.405136,    0.703,
        88.9500,   1.409484,    0.700,
        89.0000,   1.413551,    0.696,
        89.0500,   1.417822,    0.692,
        89.1000,   1.421914,    0.688,
        89.1500,   1.426160,    0.675,
        89.2000,   1.430282,    0.666,
        89.2500,   1.434456,    0.658,
        89.3000,   1.438490,    0.651,
        89.3500,   1.442710,    0.644,
        89.4000,   1.446903,    0.638,
        89.4500,   1.451139,    0.633,
        89.5000,   1.455285,    0.629,
        89.5500,   1.459408,    0.625,
        89.6000,   1.463581,    0.622,
        89.6500,   1.467737,    0.619,
        89.7000,   1.471772,    0.616,
        89.7500,   1.476109,    0.614,
        89.8000,   1.480071,    0.611,
        89.8500,   1.484200,    0.609,
        89.9000,   1.488453,    0.606,
        89.9500,   1.492850,    0.604,
        90.0000,   1.496919,    0.602,
        90.0500,   1.501179,    0.598,
        90.1000,   1.505323,    0.595,
        90.1500,   1.509244,    0.591,
        90.2000,   1.513597,    0.588,
        90.2500,   1.517672,    0.585,
        90.3000,   1.521763,    0.581,
        90.3500,   1.526006,    0.577,
        90.4000,   1.530234,    0.572,
        90.4500,   1.534417,    0.565,
        90.5000,   1.538731,    0.560,
        90.5500,   1.542726,    0.556,
        90.6000,   1.547048,    0.550,
        90.6500,   1.551039,    0.546,
        90.7000,   1.555190,    0.543,
        90.7500,   1.559466,    0.540,
        90.8000,   1.563508,    0.536,
        90.8500,   1.567580,    0.532,
        90.9000,   1.571874,    0.528,
        90.9500,   1.576067,    0.525,
        91.0000,   1.580321,    0.521,
        91.0500,   1.584446,    0.517,
        91.1000,   1.588644,    0.512,
        91.1500,   1.592890,    0.506,
        91.2000,   1.596854,    0.500,
        91.2500,   1.601029,    0.495,
        91.3000,   1.605172,    0.486,
        91.3500,   1.609374,    0.479,
        91.4000,   1.613647,    0.472,
        91.4500,   1.617715,    0.465,
        91.5000,   1.621974,    0.459,
        91.5500,   1.626191,    0.452,
        91.6000,   1.630265,    0.442,
        91.6500,   1.634533,    0.430,
        91.7000,   1.638593,    0.419,
        91.7500,   1.642790,    0.410,
        91.8000,   1.646902,    0.401,
        91.8500,   1.651030,    0.394,
        91.9000,   1.655272,    0.386,
        91.9500,   1.659460,    0.375,
        92.0000,   1.663987,    0.350,
        92.0500,   1.667984,    0.330,
        92.1000,   1.672045,    0.313,
        92.1500,   1.676196,    0.300,
        92.2000,   1.680261,    0.291,
        92.2500,   1.684466,    0.283,
        92.3000,   1.688418,    0.276,
        92.3500,   1.692765,    0.270,
        92.4000,   1.696882,    0.264,
        92.4500,   1.700964,    0.259,
        92.5000,   1.705344,    0.255,
        92.5500,   1.709511,    0.252,
        92.6000,   1.713611,    0.248,
        92.6500,   1.717726,    0.244,
        92.7000,   1.721913,    0.241,
        92.7500,   1.725918,    0.238,
        92.8000,   1.730157,    0.234,
        92.8500,   1.734218,    0.232,
        92.9000,   1.738417,    0.229,
        92.9500,   1.742744,    0.226,
        93.0000,   1.746998,    0.224,
        93.0500,   1.751073,    0.222,
        93.1000,   1.755102,    0.220,
        93.1500,   1.759394,    0.219,
        93.2000,   1.763462,    0.217,
        93.2500,   1.767626,    0.216,
        93.3000,   1.771901,    0.215,
        93.3500,   1.775862,    0.214,
        93.4000,   1.780133,    0.213,
        93.4500,   1.784322,    0.212,
        93.5000,   1.788560,    0.209,
        93.5500,   1.792658,    0.208,
        93.6000,   1.796869,    0.207,
        93.6500,   1.800986,    0.205,
        93.7000,   1.805078,    0.203,
        93.7500,   1.809323,    0.202,
        93.8000,   1.813478,    0.201,
        93.8500,   1.817477,    0.199,
        93.9000,   1.821799,    0.199,
        93.9500,   1.826119,    0.198,
        94.0000,   1.830160,    0.197,
        94.0500,   1.834390,    0.196,
        94.1000,   1.838607,    0.196,
        94.1500,   1.842557,    0.196,
        94.2000,   1.846784,    0.194,
        94.2500,   1.850974,    0.194,
        94.3000,   1.855029,    0.194,
        94.3500,   1.859316,    0.193,
        94.4000,   1.863398,    0.192,
        94.4500,   1.867866,    0.191,
        94.5000,   1.871877,    0.188,
        94.5500,   1.875992,    0.186,
        94.6000,   1.880220,    0.184,
        94.6500,   1.884287,    0.182,
        94.7000,   1.888501,    0.180,
        94.7500,   1.892651,    0.179,
        94.8000,   1.896735,    0.175,
        94.8500,   1.900929,    0.172,
        94.9000,   1.905224,    0.168,
        94.9500,   1.909459,    0.163,
        95.0000,   1.913597,    0.159,
        95.0500,   1.917792,    0.148,
        95.1000,   1.921994,    0.135,
        95.1500,   1.926116,    0.125,
        95.2000,   1.930134,    0.117,
        95.2500,   1.934347,    0.109,
        95.3000,   1.939459,    0.064,
        95.3500,   1.942692,    0.019,
        95.4000,   1.946711,    0.025,
        95.4500,   1.951037,    0.024,
        95.5000,   1.955143,    0.024,
        95.5500,   1.959350,    0.024,
        95.6000,   1.963529,    0.024,
        95.6500,   1.967513,    0.024,
        95.7000,   1.971809,    0.024,
        95.7500,   1.975896,    0.024,
        95.8000,   1.980090,    0.024,
        95.8500,   1.984094,    0.024,
        95.9000,   1.988594,    0.024,
        95.9500,   1.992659,    0.024,
        96.0000,   1.996778,    0.024,
        96.0500,   2.000937,    0.024,
        96.1000,   2.005155,    0.024,
        96.1500,   2.009277,    0.024,
        96.2000,   2.013327,    0.024,
        96.2500,   2.017591,    0.024,
        96.3000,   2.021667,    0.024,
        96.3500,   2.025921,    0.024,
        96.4000,   2.030177,    0.024,
        96.4500,   2.034386,    0.024,
        96.5000,   2.038500,    0.023,
        96.5500,   2.042684,    0.023,
        96.6000,   2.046675,    0.023,
        96.6500,   2.050940,    0.023,
        96.7000,   2.055135,    0.023,
        96.7500,   2.059200,    0.024,
        96.8000,   2.063401,    0.023,
        96.8500,   2.067567,    0.023,
        96.9000,   2.071873,    0.023,
        96.9500,   2.076033,    0.024,
        97.0000,   2.080173,    0.024,
        97.0500,   2.084224,    0.024,
        97.1000,   2.088397,    0.024,
        97.1500,   2.092588,    0.024,
        97.2000,   2.096674,    0.024,
        97.2500,   2.100913,    0.024,
        97.3000,   2.105014,    0.024,
        97.3500,   2.109376,    0.024,
        97.4000,   2.113556,    0.024,
        97.4500,   2.117571,    0.024,
        97.5000,   2.121854,    0.024,
        97.5500,   2.126020,    0.024,
        97.6000,   2.130024,    0.024,
        97.6500,   2.134260,    0.024,
        97.7000,   2.138399,    0.024,
        97.7500,   2.142532,    0.024,
        97.8000,   2.146648,    0.024,
        97.8500,   2.151044,    0.024,
        97.9000,   2.155240,    0.024,
        97.9500,   2.159248,    0.024,
        98.0000,   2.163455,    0.023,
        98.0500,   2.167638,    0.023,
        98.1000,   2.171724,    0.023,
        98.1500,   2.175918,    0.023,
        98.2000,   2.180143,    0.024,
        98.2500,   2.184095,    0.023,
        98.3000,   2.188567,    0.024,
        98.3500,   2.192722,    0.023,
        98.4000,   2.196838,    0.023,
        98.4500,   2.200962,    0.023,
        98.5000,   2.205191,    0.023,
        98.5500,   2.209177,    0.023,
        98.6000,   2.213437,    0.023,
        98.6500,   2.217609,    0.023,
        98.7000,   2.221710,    0.023,
        98.7500,   2.226102,    0.023,
        98.8000,   2.230104,    0.023,
        98.8500,   2.234285,    0.023,
        98.9000,   2.238531,    0.023,
        98.9500,   2.242694,    0.023,
        99.0000,   2.246842,    0.023,
        99.0500,   2.250918,    0.023,
        99.1000,   2.255116,    0.023,
        99.1500,   2.259193,    0.023,
        99.2000,   2.263391,    0.023,
        99.2500,   2.267624,    0.023,
        99.3000,   2.271869,    0.023,
        99.3500,   2.275916,    0.023,
        99.4000,   2.280147,    0.023,
        99.4500,   2.284394,    0.023,
        99.5000,   2.288350,    0.023,
        99.5500,   2.292560,    0.023,
        99.6000,   2.296789,    0.023,
        99.6500,   2.300821,    0.023,
        99.7000,   2.305169,    0.023,
        99.7500,   2.309269,    0.023,
        99.8000,   2.313474,    0.023,
        99.8500,   2.317623,    0.023,
        99.9000,   2.321868,    0.022,
        99.9500,   2.325922,    0.022,
       100.0000,   2.330051,    0.023,
       100.0500,   2.334142,    0.023,
       100.1000,   2.338486,    0.023,
       100.1500,   2.342497,    0.023,
       100.2000,   2.346855,    0.023,
