         0.0000,  -5.999816,   -0.008,
         0.0500,  -5.999337,   -0.007,
         0.1000,  -5.996546,   -0.006,
         0.1500,  -5.992635,   -0.004,
         0.2000,  -5.988542,   -0.003,
         0.2500,  -5.984372,   -0.001,
         0.3000,  -5.980227,    0.000,
         0.3500,  -5.976001,    0.002,
         0.4000,  -5.971681,    0.003,
         0.4500,  -5.967665,    0.004,
         0.5000,  -5.963641,    0.005,
         0.5500,  -5.959336,    0.007,
         0.6000,  -5.955139,    0.008,
         0.6500,  -5.950821,    0.009,
         0.7000,  -5.946901,    0.011,
         0.7500,  -5.942726,    0.012,
         0.8000,  -5.938464,    0.014,
         0.8500,  -5.934125,    0.015,
         0.9000,  -5.929982,    0.016,
         0.9500,  -5.925749,    0.018,
         1.0000,  -5.921614,    0.018,
         1.0500,  -5.917429,    0.020,
         1.1000,  -5.913264,    0.021,
         1.1500,  -5.909097,    0.022,
         1.2000,  -5.904946,    0.024,
         1.2500,  -5.900784,    0.025,
         1.3000,  -5.896600,    0.026,
         1.3500,  -5.892449,    0.028,
         1.4000,  -5.888285,    0.029,
         1.4500,  -5.884126,    0.031,
         1.5000,  -5.879945,    0.033,
         1.5500,  -5.875708,    0.034,
         1.6000,  -5.871475,    0.035,
         1.6500,  -5.867270,    0.037,
         1.7000,  -5.863094,    0.039,
         1.7500,  -5.858975,    0.040,
         1.8000,  -5.854798,    0.041,
         1.8500,  -5.850639,    0.043,
         1.9000,  -5.846445,    0.045,
         1.9500,  -5.842307,    0.046,
         2.0000,  -5.838126,    0.048,
         2.0500,  -5.833977,    0.049,
         2.1000,  -5.829841,    0.051,
         2.1500,  -5.825668,    0.054,
         2.2000,  -5.821530,    0.055,
         2.2500,  -5.817315,    0.057,
         2.3000,  -5.813043,    0.059,
         2.3500,  -5.808787,    0.061,
         2.4000,  -5.804739,    0.063,
         2.4500,  -5.800539,    0.065,
         2.5000,  -5.796349,    0.066,
         2.5500,  -5.792196,    0.068,
         2.6000,  -5.788043,    0.071,
         2.6500,  -5.783863,    0.074,
         2.7000,  -5.779744,    0.076,
         2.7500,  -5.775447,    0.078,
         2.8000,  -5.771513,    0.080,
         2.8500,  -5.767046,    0.083,
         2.9000,  -5.762988,    0.085,
         2.9500,  -5.758964,    0.088,
         3.0000,  -5.754635,    0.090,
         3.0500,  -5.750668,    0.093,
         3.1000,  -5.746277,    0.096,
         3.1500,  -5.742123,    0.099,
         3.2000,  -5.737953,    0.102,
         3.2500,  -5.733702,    0.104,
         3.3000,  -5.729623,    0.107,
         3.3500,  -5.725597,    0.110,
         3.4000,  -5.721332,    0.113,
         3.4500,  -5.717165,    0.116,
         3.5000,  -5.713046,    0.119,
         3.5500,  -5.708877,    0.123,
         3.6000,  -5.704695,    0.126,
         3.6500,  -5.700577,    0.129,
         3.7000,  -5.696271,    0.133,
         3.7500,  -5.692051,    0.136,
         3.8000,  -5.687880,    0.140,
         3.8500,  -5.683709,    0.143,
         3.9000,  -5.679615,    0.147,
         3.9500,  -5.675421,    0.150,
         4.0000,  -5.671297,    0.154,
         4.0500,  -5.667109,    0.159,
         4.1000,  -5.662953,    0.162,
         4.1500,  -5.658814,    0.166,
         4.2000,  -5.654638,    0.171,
         4.2500,  -5.650476,    0.175,
         4.3000,  -5.646343,    0.179,
         4.3500,  -5.642168,    0.184,
         4.4000,  -5.637874,    0.188,
         4.4500,  -5.633717,    0.193,
         4.5000,  -5.629544,    0.197,
         4.5500,  -5.625366,    0.202,
         4.6000,  -5.621184,    0.207,
         4.6500,  -5.617084,    0.211,
         4.7000,  -5.612928,    0.217,
         4.7500,  -5.608749,    0.222,
         4.8000,  -5.604633,    0.227,
         4.8500,  -5.600421,    0.232,
         4.9000,  -5.596305,    0.237,
         4.9500,  -5.592142,    0.243,
         5.0000,  -5.587975,    0.249,
         5.0500,  -5.583718,    0.255,
         5.1000,  -5.579374,    0.260,
         5.1500,  -5.575457,    0.266,
         5.2000,  -5.571194,    0.272,
         5.2500,  -5.567039,    0.278,
         5.3000,  -5.562856,    0.285,
         5.3500,  -5.558705,    0.291,
         5.4000,  -5.554585,    0.297,
         5.4500,  -5.550391,    0.304,
         5.5000,  -5.546257,    0.311,
         5.5500,  -5.542105,    0.318,
         5.6000,  -5.537958,    0.325,
         5.6500,  -5.533716,    0.332,
         5.7000,  -5.529676,    0.339,
         5.7500,  -5.525367,    0.347,
         5.8000,  -5.521132,    0.355,
         5.8500,  -5.517002,    0.362,
         5.9000,  -5.512839,    0.371,
         5.9500,  -5.508677,    0.379,
         6.0000,  -5.504536,    0.386,
         6.0500,  -5.500382,    0.394,
         6.1000,  -5.496213,    0.403,
         6.1500,  -5.492098,    0.412,
         6.2000,  -5.487925,    0.421,
         6.2500,  -5.483787,    0.429,
         6.3000,  -5.479514,    0.438,
         6.3500,  -5.475487,    0.447,
         6.4000,  -5.471185,    0.457,
         6.4500,  -5.466907,    0.466,
         6.5000,  -5.462758,    0.476,
         6.5500,  -5.458686,    0.484,
         6.6000,  -5.454528,    0.495,
         6.6500,  -5.450315,    0.505,
         6.7000,  -5.446232,    0.514,
         6.7500,  -5.442031,    0.524,
         6.8000,  -5.437826,    0.534,
         6.8500,  -5.433740,    0.543,
         6.9000,  -5.429488,    0.553,
         6.9500,  -5.425450,    0.562,
         7.0000,  -5.421278,    0.573,
         7.0500,  -5.417016,    0.584,
         7.1000,  -5.412805,    0.596,
         7.1500,  -5.408623,    0.608,
         7.2000,  -5.404488,    0.619,
         7.2500,  -5.400322,    0.631,
         7.3000,  -5.396158,    0.644,
         7.3500,  -5.392014,    0.656,
         7.4000,  -5.387807,    0.667,
         7.4500,  -5.383675,    0.678,
         7.5000,  -5.379511,    0.690,
         7.5500,  -5.375326,    0.702,
         7.6000,  -5.371254,    0.713,
         7.6500,  -5.367034,    0.726,
         7.7000,  -5.362785,    0.738,
         7.7500,  -5.358477,    0.749,
         7.8000,  -5.354346,    0.759,
         7.8500,  -5.350236,    0.772,
         7.9000,  -5.346097,    0.784,
         7.9500,  -5.341878,    0.795,
         8.0000,  -5.337765,    0.806,
         8.0500,  -5.333645,    0.820,
         8.1000,  -5.329498,    0.834,
         8.1500,  -5.325311,    0.846,
         8.2000,  -5.321128,    0.858,
         8.2500,  -5.316931,    0.869,
         8.3000,  -5.312740,    0.878,
         8.3500,  -5.308556,    0.892,
         8.4000,  -5.304371,    0.906,
         8.4500,  -5.300169,    0.919,
         8.5000,  -5.296051,    0.933,
         8.5500,  -5.291903,    0.948,
         8.6000,  -5.287745,    0.962,
         8.6500,  -5.283605,    0.976,
         8.7000,  -5.279448,    0.990,
         8.7500,  -5.275259,    1.005,
         8.8000,  -5.271155,    1.018,
         8.8500,  -5.266909,    1.029,
         8.9000,  -5.262802,    1.043,
         8.9500,  -5.258629,    1.060,
         9.0000,  -5.254345,    1.077,
         9.0500,  -5.250181,    1.091,
         9.1000,  -5.246042,    1.106,
         9.1500,  -5.241895,    1.122,
         9.2000,  -5.237736,    1.138,
         9.2500,  -5.233570,    1.154,
         9.3000,  -5.229368,    1.167,
         9.3500,  -5.225229,    1.178,
         9.4000,  -5.221103,    1.194,
         9.4500,  -5.216973,    1.210,
         9.5000,  -5.212808,    1.226,
         9.5500,  -5.208665,    1.242,
         9.6000,  -5.204351,    1.259,
         9.6500,  -5.200147,    1.275,
         9.7000,  -5.195723,    1.277,
         9.7500,  -5.191811,    1.289,
         9.8000,  -5.187747,    1.308,
         9.8500,  -5.183540,    1.325,
         9.9000,  -5.179427,    1.341,
         9.9500,  -5.175199,    1.356,
        10.0000,  -5.171036,    1.369,
        10.0500,  -5.166891,    1.381,
        10.1000,  -5.162808,    1.399,
        10.1500,  -5.158686,    1.417,
        10.2000,  -5.154381,    1.434,
        10.2500,  -5.150103,    1.449,
        10.3000,  -5.145933,    1.464,
        10.3500,  -5.141821,    1.478,
        10.4000,  -5.137657,    1.495,
        10.4500,  -5.133488,    1.509,
        10.5000,  -5.129341,    1.523,
        10.5500,  -5.125224,    1.539,
        10.6000,  -5.121022,    1.554,
        10.6500,  -5.116744,    1.562,
        10.7000,  -5.112722,    1.577,
        10.7500,  -5.108653,    1.595,
        10.8000,  -5.104230,    1.605,
        10.8500,  -5.100105,    1.620,
        10.9000,  -5.096009,    1.639,
        10.9500,  -5.091866,    1.658,
        11.0000,  -5.087740,    1.679,
        11.0500,  -5.083585,    1.701,
        11.1000,  -5.079436,    1.723,
        11.1500,  -5.075272,    1.745,
        11.2000,  -5.071158,    1.768,
        11.2500,  -5.066977,    1.790,
        11.3000,  -5.062861,    1.811,
        11.3500,  -5.058704,    1.835,
        11.4000,  -5.054495,    1.856,
        11.4500,  -5.050190,    1.879,
        11.5000,  -5.046010,    1.900,
        11.5500,  -5.041931,    1.922,
        11.6000,  -5.037750,    1.947,
        11.6500,  -5.033609,    1.970,
        11.7000,  -5.029480,    1.995,
        11.7500,  -5.025307,    2.019,
        11.8000,  -5.021128,    2.043,
        11.8500,  -5.016980,    2.066,
        11.9000,  -5.012883,    2.090,
        11.9500,  -5.008621,    2.111,
        12.0000,  -5.004431,    2.131,
        12.0500,  -5.000228,    2.155,
        12.1000,  -4.996063,    2.180,
        12.1500,  -4.991933,    2.205,
        12.2000,  -4.987733,    2.232,
        12.2500,  -4.983604,    2.256,
        12.3000,  -4.979474,    2.283,
        12.3500,  -4.975305,    2.308,
        12.4000,  -4.971138,    2.331,
        12.4500,  -4.966937,    2.354,
        12.5000,  -4.962855,    2.378,
        12.5500,  -4.958616,    2.400,
        12.6000,  -4.954461,    2.424,
        12.6500,  -4.950267,    2.451,
        12.7000,  -4.946056,    2.479,
        12.7500,  -4.941918,    2.505,
        12.8000,  -4.937752,    2.533,
        12.8500,  -4.933647,    2.559,
        12.9000,  -4.929491,    2.588,
        12.9500,  -4.925329,    2.617,
        13.0000,  -4.921179,    2.645,
        13.0500,  -4.917036,    2.674,
        13.1000,  -4.912930,    2.704,
        13.1500,  -4.908741,    2.734,
        13.2000,  -4.904567,    2.764,
        13.2500,  -4.900299,    2.796,
        13.3000,  -4.896120,    2.827,
        13.3500,  -4.891947,    2.858,
        13.4000,  -4.887792,    2.888,
        13.4500,  -4.883699,    2.919,
        13.5000,  -4.879491,    2.952,
        13.5500,  -4.875364,    2.984,
        13.6000,  -4.871199,    3.016,
        13.6500,  -4.867067,    3.048,
        13.7000,  -4.862959,    3.082,
        13.7500,  -4.858749,    3.115,
        13.8000,  -4.854585,    3.148,
        13.8500,  -4.850317,    3.185,
        13.9000,  -4.846151,    3.220,
        13.9500,  -4.841991,    3.254,
        14.0000,  -4.837814,    3.288,
        14.0500,  -4.833720,    3.322,
        14.1000,  -4.829501,    3.357,
        14.1500,  -4.825422,    3.391,
        14.2000,  -4.821225,    3.427,
        14.2500,  -4.817120,    3.463,
        14.3000,  -4.812956,    3.500,
        14.3500,  -4.808784,    3.535,
        14.4000,  -4.804539,    3.574,
        14.4500,  -4.800299,    3.611,
        14.5000,  -4.796258,    3.646,
        14.5500,  -4.791977,    3.685,
        14.6000,  -4.787743,    3.720,
        14.6500,  -4.783697,    3.750,
        14.7000,  -4.779524,    3.786,
        14.7500,  -4.775438,    3.824,
        14.8000,  -4.771230,    3.862,
        14.8500,  -4.767132,    3.900,
        14.9000,  -4.762943,    3.939,
        14.9500,  -4.758810,    3.978,
        15.0000,  -4.754573,    4.022,
        15.0500,  -4.750339,    4.064,
        15.1000,  -4.746221,    4.104,
        15.1500,  -4.742029,    4.145,
        15.2000,  -4.737898,    4.186,
        15.2500,  -4.733757,    4.228,
        15.3000,  -4.729583,    4.270,
        15.3500,  -4.725461,    4.312,
        15.4000,  -4.721252,    4.351,
        15.4500,  -4.717158,    4.392,
        15.5000,  -4.712997,    4.435,
        15.5500,  -4.708801,    4.480,
        15.6000,  -4.704536,    4.526,
        15.6500,  -4.700307,    4.566,
        15.7000,  -4.696107,    4.603,
        15.7500,  -4.692014,    4.643,
        15.8000,  -4.687914,    4.687,
        15.8500,  -4.683753,    4.730,
        15.9000,  -4.679633,    4.776,
        15.9500,  -4.675501,    4.822,
        16.0000,  -4.671348,    4.869,
        16.0500,  -4.667261,    4.917,
        16.1000,  -4.663053,    4.966,
        16.1500,  -4.658821,    5.017,
        16.2000,  -4.654536,    5.064,
        16.2500,  -4.650349,    5.108,
        16.3000,  -4.646193,    5.152,
        16.3500,  -4.641879,    5.188,
        16.4000,  -4.637681,    5.219,
        16.4500,  -4.633525,    5.249,
        16.5000,  -4.629448,    5.285,
        16.5500,  -4.625362,    5.325,
        16.6000,  -4.621307,    5.369,
        16.6500,  -4.617197,    5.417,
        16.7000,  -4.612862,    5.460,
        16.7500,  -4.608421,    5.492,
        16.8000,  -4.604487,    5.537,
        16.8500,  -4.600473,    5.588,
        16.9000,  -4.596404,    5.644,
        16.9500,  -4.592177,    5.699,
        17.0000,  -4.588060,    5.751,
        17.0500,  -4.583933,    5.808,
        17.1000,  -4.579770,    5.863,
        17.1500,  -4.575575,    5.917,
        17.2000,  -4.571437,    5.970,
        17.2500,  -4.567247,    6.022,
        17.3000,  -4.562983,    6.077,
        17.3500,  -4.558822,    6.132,
        17.4000,  -4.554635,    6.185,
        17.4500,  -4.550474,    6.237,
        17.5000,  -4.546329,    6.289,
        17.5500,  -4.542256,    6.346,
        17.6000,  -4.538125,    6.404,
        17.6500,  -4.533967,    6.463,
        17.7000,  -4.529794,    6.518,
        17.7500,  -4.525615,    6.572,
        17.8000,  -4.521477,    6.629,
        17.8500,  -4.517274,    6.687,
        17.9000,  -4.513017,    6.747,
        17.9500,  -4.508861,    6.804,
        18.0000,  -4.504676,    6.861,
        18.0500,  -4.500471,    6.917,
        18.1000,  -4.496335,    6.972,
        18.1500,  -4.492201,    7.026,
        18.2000,  -4.488049,    7.080,
        18.2500,  -4.483788,    7.128,
        18.3000,  -4.479664,    7.175,
        18.3500,  -4.475458,    7.224,
        18.4000,  -4.471403,    7.277,
        18.4500,  -4.467162,    7.335,
        18.5000,  -4.462866,    7.388,
        18.5500,  -4.458726,    7.439,
        18.6000,  -4.454516,    7.487,
        18.6500,  -4.450248,    7.529,
        18.7000,  -4.446174,    7.572,
        18.7500,  -4.442035,    7.619,
        18.8000,  -4.437857,    7.663,
        18.8500,  -4.433766,    7.711,
        18.9000,  -4.429712,    7.764,
        18.9500,  -4.425570,    7.818,
        19.0000,  -4.421237,    7.869,
        19.0500,  -4.417025,    7.919,
        19.1000,  -4.412743,    7.965,
        19.1500,  -4.408436,    7.997,
        19.2000,  -4.404463,    8.041,
        19.2500,  -4.400422,    8.089,
        19.3000,  -4.396316,    8.142,
        19.3500,  -4.392181,    8.196,
        19.4000,  -4.388050,    8.250,
        19.4500,  -4.383905,    8.306,
        19.5000,  -4.379750,    8.362,
        19.5500,  -4.375575,    8.420,
        19.6000,  -4.371318,    8.478,
        19.6500,  -4.367093,    8.535,
        19.7000,  -4.362963,    8.590,
        19.7500,  -4.358807,    8.645,
        19.8000,  -4.354585,    8.697,
        19.8500,  -4.350473,    8.749,
        19.9000,  -4.346303,    8.804,
        19.9500,  -4.342160,    8.857,
        20.0000,  -4.338000,    8.909,
        20.0500,  -4.333856,    8.963,
        20.1000,  -4.329646,    9.016,
        20.1500,  -4.325291,    9.066,
        20.2000,  -4.320990,    9.106,
        20.2500,  -4.316508,    9.130,
        20.3000,  -4.312410,    9.154,
        20.3500,  -4.308487,    9.189,
        20.4000,  -4.304447,    9.232,
        20.4500,  -4.300145,    9.269,
        20.5000,  -4.295914,    9.297,
        20.5500,  -4.291568,    9.318,
        20.6000,  -4.287757,    9.352,
        20.6500,  -4.283439,    9.384,
        20.7000,  -4.279129,    9.413,
        20.7500,  -4.275262,    9.459,
        20.8000,  -4.271244,    9.515,
        20.8500,  -4.267107,    9.571,
        20.9000,  -4.262889,    9.623,
        20.9500,  -4.258528,    9.664,
        21.0000,  -4.254410,    9.705,
        21.0500,  -4.250306,    9.752,
        21.1000,  -4.246199,    9.802,
        21.1500,  -4.242089,    9.850,
        21.2000,  -4.237947,    9.898,
        21.2500,  -4.233735,    9.950,
        21.3000,  -4.229449,   10.002,
        21.3500,  -4.225259,   10.051,
        21.4000,  -4.220888,   10.089,
        21.4500,  -4.216675,   10.118,
        21.5000,  -4.212720,   10.160,
        21.5500,  -4.208718,   10.212,
        21.6000,  -4.204647,   10.270,
        21.6500,  -4.200571,   10.330,
        21.7000,  -4.196457,   10.392,
        21.7500,  -4.192260,   10.455,
        21.8000,  -4.188066,   10.518,
        21.8500,  -4.183892,   10.583,
        21.9000,  -4.179680,   10.651,
        21.9500,  -4.175554,   10.718,
        22.0000,  -4.171398,   10.787,
        22.0500,  -4.167252,   10.853,
        22.1000,  -4.163010,   10.917,
        22.1500,  -4.158797,   10.974,
        22.2000,  -4.154565,   11.027,
        22.2500,  -4.150409,   11.079,
        22.3000,  -4.146223,   11.128,
        22.3500,  -4.142176,   11.182,
        22.4000,  -4.138048,   11.245,
        22.4500,  -4.133802,   11.310,
        22.5000,  -4.129581,   11.369,
        22.5500,  -4.125327,   11.420,
        22.6000,  -4.121288,   11.478,
        22.6500,  -4.117099,   11.535,
        22.7000,  -4.112998,   11.592,
        22.7500,  -4.108808,   11.650,
        22.8000,  -4.104741,   11.713,
        22.8500,  -4.100644,   11.779,
        22.9000,  -4.096467,   11.844,
        22.9500,  -4.092303,   11.913,
        23.0000,  -4.087761,   11.968,
        23.0500,  -4.083569,   12.020,
        23.1000,  -4.079379,   12.070,
        23.1500,  -4.075206,   12.116,
        23.2000,  -4.071027,   12.159,
        23.2500,  -4.067074,   12.213,
        23.3000,  -4.062962,   12.272,
        23.3500,  -4.058773,   12.327,
        23.4000,  -4.054401,   12.377,
        23.4500,  -4.049961,   12.409,
        23.5000,  -4.045625,   12.428,
        23.5500,  -4.041117,   12.441,
        23.6000,  -4.035997,   12.386,
        23.6500,  -4.032175,   12.345,
        23.7000,  -4.028833,   12.354,
        23.7500,  -4.025086,   12.390,
        23.8000,  -4.021102,   12.439,
        23.8500,  -4.017011,   12.490,
        23.9000,  -4.012850,   12.542,
        23.9500,  -4.008496,   12.585,
        24.0000,  -4.004350,   12.623,
        24.0500,  -4.000031,   12.660,
        24.1000,  -3.995651,   12.689,
        24.1500,  -3.990875,   12.686,
        24.2000,  -3.984572,   12.571,
        24.2500,  -3.980569,   12.423,
        24.3000,  -3.977343,   12.344,
        24.3500,  -3.973748,   12.298,
        24.4000,  -3.970222,   12.287,
        24.4500,  -3.966309,   12.298,
        24.5000,  -3.962375,   12.321,
        24.5500,  -3.958174,   12.345,
        24.6000,  -3.954082,   12.367,
        24.6500,  -3.949755,   12.392,
        24.7000,  -3.945308,   12.405,
        24.7500,  -3.940850,   12.397,
        24.8000,  -3.936281,   12.368,
        24.8500,  -3.931885,   12.323,
        24.9000,  -3.927997,   12.282,
        24.9500,  -3.924000,   12.254,
        25.0000,  -3.919393,   12.211,
        25.0500,  -3.915196,   12.150,
        25.1000,  -3.911551,   12.119,
        25.1500,  -3.907268,   12.090,
        25.2000,  -3.903229,   12.066,
        25.2500,  -3.899058,   12.052,
        25.3000,  -3.894880,   12.031,
        25.3500,  -3.890611,   12.010,
        25.4000,  -3.886109,   11.964,
        25.4500,  -3.881904,   11.917,
        25.5000,  -3.877811,   11.867,
        25.5500,  -3.873571,   11.816,
        25.6000,  -3.868883,   11.734,
        25.6500,  -3.864783,   11.646,
        25.7000,  -3.860017,   11.525,
        25.7500,  -3.855515,   11.392,
        25.8000,  -3.851698,   11.277,
        25.8500,  -3.847902,   11.192,
        25.9000,  -3.843866,   11.108,
        25.9500,  -3.839974,   11.040,
        26.0000,  -3.835951,   10.982,
        26.0500,  -3.831758,   10.924,
        26.1000,  -3.827801,   10.871,
        26.1500,  -3.823698,   10.829,
        26.2000,  -3.819058,   10.756,
        26.2500,  -3.814659,   10.665,
        26.3000,  -3.810013,   10.552,
        26.3500,  -3.805837,   10.436,
        26.4000,  -3.802303,   10.360,
        26.4500,  -3.798364,   10.295,
        26.5000,  -3.794349,   10.245,
        26.5500,  -3.790334,   10.201,
        26.6000,  -3.786172,   10.157,
        26.6500,  -3.781855,   10.103,
        26.7000,  -3.777802,   10.056,
        26.7500,  -3.773676,   10.009,
        26.8000,  -3.769385,    9.955,
        26.8500,  -3.765582,    9.911,
        26.9000,  -3.761599,    9.895,
        26.9500,  -3.757350,    9.878,
        27.0000,  -3.753338,    9.867,
        27.0500,  -3.749120,    9.856,
        27.1000,  -3.744986,    9.840,
        27.1500,  -3.740452,    9.810,
        27.2000,  -3.736057,    9.762,
        27.2500,  -3.731870,    9.711,
        27.3000,  -3.727792,    9.659,
        27.3500,  -3.723945,    9.628,
        27.4000,  -3.719815,    9.599,
        27.4500,  -3.715675,    9.571,
        27.5000,  -3.711584,    9.553,
        27.5500,  -3.707426,    9.541,
        27.6000,  -3.703412,    9.531,
        27.6500,  -3.699338,    9.531,
        27.7000,  -3.695268,    9.535,
        27.7500,  -3.691130,    9.540,
        27.8000,  -3.686810,    9.535,
        27.8500,  -3.682626,    9.526,
        27.9000,  -3.678400,    9.514,
        27.9500,  -3.674195,    9.501,
        28.0000,  -3.670190,    9.495,
        28.0500,  -3.666135,    9.496,
        28.1000,  -3.661799,    9.497,
        28.1500,  -3.657715,    9.500,
        28.2000,  -3.653319,    9.495,
        28.2500,  -3.649123,    9.475,
        28.3000,  -3.645179,    9.478,
        28.3500,  -3.641103,    9.480,
        28.4000,  -3.637051,    9.486,
        28.4500,  -3.632920,    9.499,
        28.5000,  -3.628797,    9.511,
        28.5500,  -3.624641,    9.523,
        28.6000,  -3.620597,    9.539,
        28.6500,  -3.616035,    9.548,
        28.7000,  -3.611810,    9.547,
        28.7500,  -3.607581,    9.547,
        28.8000,  -3.603450,    9.544,
        28.8500,  -3.599485,    9.550,
        28.9000,  -3.595304,    9.560,
        28.9500,  -3.591067,    9.564,
        29.0000,  -3.586890,    9.564,
        29.0500,  -3.582775,    9.565,
        29.1000,  -3.578634,    9.569,
        29.1500,  -3.574434,    9.571,
        29.2000,  -3.570015,    9.562,
        29.2500,  -3.565777,    9.552,
        29.3000,  -3.561619,    9.541,
        29.3500,  -3.557517,    9.534,
        29.4000,  -3.553370,    9.527,
        29.4500,  -3.549390,    9.527,
        29.5000,  -3.545277,    9.533,
        29.5500,  -3.541156,    9.541,
        29.6000,  -3.537075,    9.550,
        29.6500,  -3.532932,    9.565,
        29.7000,  -3.528782,    9.579,
        29.7500,  -3.524657,    9.592,
        29.8000,  -3.520411,    9.608,
        29.8500,  -3.516058,    9.619,
        29.9000,  -3.511968,    9.627,
        29.9500,  -3.507828,    9.640,
        30.0000,  -3.503706,    9.655,
        30.0500,  -3.499486,    9.667,
        30.1000,  -3.495337,    9.676,
        30.1500,  -3.491242,    9.690,
        30.2000,  -3.487102,    9.707,
        30.2500,  -3.482856,    9.717,
        30.3000,  -3.478646,    9.724,
        30.3500,  -3.474342,    9.722,
        30.4000,  -3.470152,    9.728,
        30.4500,  -3.466093,    9.737,
        30.5000,  -3.461964,    9.749,
        30.5500,  -3.457707,    9.759,
        30.6000,  -3.453476,    9.762,
        30.6500,  -3.449236,    9.758,
        30.7000,  -3.444856,    9.739,
        30.7500,  -3.440893,    9.732,
        30.8000,  -3.436898,    9.734,
        30.8500,  -3.432329,    9.721,
        30.9000,  -3.427670,    9.669,
        30.9500,  -3.424005,    9.646,
        31.0000,  -3.419837,    9.637,
        31.0500,  -3.415460,    9.613,
        31.1000,  -3.410651,    9.549,
        31.1500,  -3.406983,    9.504,
        31.2000,  -3.403129,    9.482,
        31.2500,  -3.399145,    9.472,
        31.3000,  -3.394970,    9.461,
        31.3500,  -3.390961,    9.457,
        31.4000,  -3.386914,    9.461,
        31.4500,  -3.382740,    9.466,
        31.5000,  -3.378625,    9.470,
        31.5500,  -3.374430,    9.481,
        31.6000,  -3.370280,    9.495,
        31.6500,  -3.366144,    9.512,
        31.7000,  -3.361968,    9.526,
        31.7500,  -3.357761,    9.537,
        31.8000,  -3.353633,    9.549,
        31.8500,  -3.349468,    9.561,
        31.9000,  -3.345294,    9.571,
        31.9500,  -3.341188,    9.582,
        32.0000,  -3.336990,    9.594,
        32.0500,  -3.332797,    9.602,
        32.1000,  -3.328686,    9.612,
        32.1500,  -3.324555,    9.631,
        32.2000,  -3.320362,    9.652,
        32.2500,  -3.316184,    9.671,
        32.3000,  -3.311958,    9.688,
        32.3500,  -3.307828,    9.703,
        32.4000,  -3.303609,    9.716,
        32.4500,  -3.299536,    9.730,
        32.5000,  -3.295353,    9.747,
        32.5500,  -3.290762,    9.736,
        32.6000,  -3.286685,    9.728,
        32.6500,  -3.282654,    9.723,
        32.7000,  -3.278664,    9.732,
        32.7500,  -3.274422,    9.748,
        32.8000,  -3.270185,    9.758,
        32.8500,  -3.266166,    9.773,
        32.9000,  -3.262081,    9.794,
        32.9500,  -3.257959,    9.817,
        33.0000,  -3.253842,    9.842,
        33.0500,  -3.249626,    9.863,
        33.1000,  -3.245462,    9.885,
        33.1500,  -3.241264,    9.903,
        33.2000,  -3.237079,    9.919,
        33.2500,  -3.232881,    9.933,
        33.3000,  -3.228757,    9.949,
        33.3500,  -3.224488,    9.970,
        33.4000,  -3.220390,    9.991,
        33.4500,  -3.216274,   10.016,
        33.5000,  -3.212126,   10.040,
        33.5500,  -3.207926,   10.062,
        33.6000,  -3.203685,   10.078,
        33.6500,  -3.199538,   10.094,
        33.7000,  -3.195450,   10.111,
        33.7500,  -3.191329,   10.133,
        33.8000,  -3.187045,   10.150,
        33.8500,  -3.182842,   10.160,
        33.9000,  -3.178624,   10.171,
        33.9500,  -3.174113,   10.170,
        34.0000,  -3.169954,   10.165,
        34.0500,  -3.165884,   10.163,
        34.1000,  -3.161721,   10.163,
        34.1500,  -3.157574,   10.163,
        34.2000,  -3.153390,   10.160,
        34.2500,  -3.149311,   10.162,
        34.3000,  -3.145234,   10.167,
        34.3500,  -3.141155,   10.176,
        34.4000,  -3.136988,   10.188,
        34.4500,  -3.132838,   10.197,
        34.5000,  -3.128336,   10.192,
        34.5500,  -3.124391,   10.204,
        34.6000,  -3.120325,   10.222,
        34.6500,  -3.116159,   10.241,
        34.7000,  -3.111974,   10.255,
        34.7500,  -3.107879,   10.274,
        34.8000,  -3.103708,   10.291,
        34.8500,  -3.099572,   10.308,
        34.9000,  -3.095448,   10.326,
        34.9500,  -3.091286,   10.346,
        35.0000,  -3.086954,   10.352,
        35.0500,  -3.082797,   10.363,
        35.1000,  -3.078662,   10.377,
        35.1500,  -3.074476,   10.395,
        35.2000,  -3.070347,   10.414,
        35.2500,  -3.066156,   10.433,
        35.3000,  -3.062087,   10.454,
        35.3500,  -3.057896,   10.474,
        35.4000,  -3.053687,   10.491,
        35.4500,  -3.049508,   10.505,
        35.5000,  -3.045366,   10.521,
        35.5500,  -3.041302,   10.539,
        35.6000,  -3.037096,   10.559,
        35.6500,  -3.032976,   10.578,
        35.7000,  -3.028562,   10.592,
        35.7500,  -3.024264,   10.596,
        35.8000,  -3.020142,   10.603,
        35.8500,  -3.015846,   10.604,
        35.9000,  -3.011853,   10.609,
        35.9500,  -3.007733,   10.619,
        36.0000,  -3.003706,   10.636,
        36.0500,  -2.999526,   10.654,
        36.1000,  -2.995365,   10.668,
        36.1500,  -2.991224,   10.686,
        36.2000,  -2.986992,   10.697,
        36.2500,  -2.982868,   10.707,
        36.3000,  -2.978673,   10.723,
        36.3500,  -2.974423,   10.740,
        36.4000,  -2.970274,   10.756,
        36.4500,  -2.965993,   10.764,
        36.5000,  -2.961895,   10.775,
        36.5500,  -2.957787,   10.789,
        36.6000,  -2.953432,   10.798,
        36.6500,  -2.949032,   10.785,
        36.7000,  -2.945284,   10.791,
        36.7500,  -2.941076,   10.802,
        36.8000,  -2.936953,   10.810,
        36.8500,  -2.932866,   10.823,
        36.9000,  -2.928670,   10.839,
        36.9500,  -2.924466,   10.857,
        37.0000,  -2.920330,   10.879,
        37.0500,  -2.916259,   10.905,
        37.1000,  -2.912029,   10.930,
        37.1500,  -2.907826,   10.947,
        37.2000,  -2.903751,   10.968,
        37.2500,  -2.899577,   10.989,
        37.3000,  -2.895550,   11.017,
        37.3500,  -2.891395,   11.048,
        37.4000,  -2.887271,   11.079,
        37.4500,  -2.883101,   11.109,
        37.5000,  -2.878941,   11.140,
        37.5500,  -2.874664,   11.172,
        37.6000,  -2.870328,   11.197,
        37.6500,  -2.866103,   11.216,
        37.7000,  -2.861883,   11.232,
        37.7500,  -2.857808,   11.249,
        37.8000,  -2.853632,   11.268,
        37.8500,  -2.849511,   11.287,
        37.9000,  -2.845385,   11.308,
        37.9500,  -2.841245,   11.331,
        38.0000,  -2.837193,   11.356,
        38.0500,  -2.833037,   11.385,
        38.1000,  -2.828914,   11.413,
        38.1500,  -2.824586,   11.441,
        38.2000,  -2.820348,   11.468,
        38.2500,  -2.816219,   11.496,
        38.3000,  -2.811985,   11.518,
        38.3500,  -2.807871,   11.541,
        38.4000,  -2.803761,   11.567,
        38.4500,  -2.799617,   11.594,
        38.5000,  -2.795464,   11.623,
        38.5500,  -2.791296,   11.650,
        38.6000,  -2.787185,   11.678,
        38.6500,  -2.782991,   11.706,
        38.7000,  -2.778840,   11.731,
        38.7500,  -2.774461,   11.749,
        38.8000,  -2.769896,   11.751,
        38.8500,  -2.765721,   11.747,
        38.9000,  -2.761679,   11.749,
        38.9500,  -2.757545,   11.755,
        39.0000,  -2.752656,   11.731,
        39.0500,  -2.747474,   11.628,
        39.1000,  -2.744331,   11.570,
        39.1500,  -2.740704,   11.555,
        39.2000,  -2.736825,   11.558,
        39.2500,  -2.732810,   11.573,
        39.3000,  -2.728772,   11.594,
        39.3500,  -2.724624,   11.618,
        39.4000,  -2.720393,   11.645,
        39.4500,  -2.716166,   11.673,
        39.5000,  -2.711996,   11.698,
        39.5500,  -2.707873,   11.724,
        39.6000,  -2.703745,   11.752,
        39.6500,  -2.699601,   11.781,
        39.7000,  -2.695379,   11.805,
        39.7500,  -2.691175,   11.826,
        39.8000,  -2.687040,   11.848,
        39.8500,  -2.682697,   11.860,
        39.9000,  -2.678335,   11.858,
        39.9500,  -2.674093,   11.846,
        40.0000,  -2.670202,   11.852,
        40.0500,  -2.666026,   11.873,
        40.1000,  -2.661817,   11.888,
        40.1500,  -2.657544,   11.897,
        40.2000,  -2.653335,   11.903,
        40.2500,  -2.649100,   11.900,
        40.3000,  -2.645098,   11.906,
        40.3500,  -2.641036,   11.919,
        40.4000,  -2.636933,   11.934,
        40.4500,  -2.632576,   11.938,
        40.5000,  -2.628541,   11.945,
        40.5500,  -2.624392,   11.955,
        40.6000,  -2.620244,   11.966,
        40.6500,  -2.615788,   11.974,
        40.7000,  -2.610964,   11.946,
        40.7500,  -2.606860,   11.904,
        40.8000,  -2.603155,   11.890,
        40.8500,  -2.599123,   11.888,
        40.9000,  -2.595041,   11.890,
        40.9500,  -2.591046,   11.900,
        41.0000,  -2.586885,   11.915,
        41.0500,  -2.582785,   11.930,
        41.1000,  -2.578683,   11.948,
        41.1500,  -2.574553,   11.968,
        41.2000,  -2.570424,   11.991,
        41.2500,  -2.566064,   12.008,
        41.3000,  -2.561856,   12.026,
        41.3500,  -2.557761,   12.045,
        41.4000,  -2.553588,   12.066,
        41.4500,  -2.549394,   12.083,
        41.5000,  -2.545262,   12.102,
        41.5500,  -2.541080,   12.118,
        41.6000,  -2.536921,   12.133,
        41.6500,  -2.532868,   12.153,
        41.7000,  -2.528589,   12.169,
        41.7500,  -2.524358,   12.176,
        41.8000,  -2.520244,   12.186,
        41.8500,  -2.515535,   12.174,
        41.9000,  -2.511453,   12.159,
        41.9500,  -2.507237,   12.153,
        42.0000,  -2.502943,   12.132,
        42.0500,  -2.498731,   12.108,
        42.1000,  -2.494869,   12.096,
        42.1500,  -2.490957,   12.103,
        42.2000,  -2.486838,   12.112,
        42.2500,  -2.482742,   12.126,
        42.3000,  -2.478592,   12.141,
        42.3500,  -2.474525,   12.159,
        42.4000,  -2.470428,   12.181,
        42.4500,  -2.466315,   12.203,
        42.5000,  -2.462144,   12.228,
        42.5500,  -2.457838,   12.255,
        42.6000,  -2.453646,   12.279,
        42.6500,  -2.449504,   12.301,
        42.7000,  -2.445298,   12.323,
        42.7500,  -2.441135,   12.343,
        42.8000,  -2.436971,   12.359,
        42.8500,  -2.432842,   12.379,
        42.9000,  -2.428602,   12.396,
        42.9500,  -2.424323,   12.404,
        43.0000,  -2.420129,   12.409,
        43.0500,  -2.416084,   12.416,
        43.1000,  -2.412050,   12.432,
        43.1500,  -2.407767,   12.448,
        43.2000,  -2.403439,   12.462,
        43.2500,  -2.399157,   12.465,
        43.3000,  -2.395051,   12.470,
        43.3500,  -2.391042,   12.484,
        43.4000,  -2.386984,   12.505,
        43.4500,  -2.382839,   12.529,
        43.5000,  -2.378615,   12.548,
        43.5500,  -2.374555,   12.570,
        43.6000,  -2.370430,   12.593,
        43.6500,  -2.366255,   12.615,
        43.7000,  -2.362123,   12.640,
        43.7500,  -2.357938,   12.663,
        43.8000,  -2.353716,   12.685,
        43.8500,  -2.349497,   12.713,
        43.9000,  -2.345300,   12.737,
        43.9500,  -2.341074,   12.755,
        44.0000,  -2.336815,   12.770,
        44.0500,  -2.332470,   12.772,
        44.1000,  -2.328415,   12.774,
        44.1500,  -2.324441,   12.790,
        44.2000,  -2.320169,   12.802,
        44.2500,  -2.316084,   12.814,
        44.3000,  -2.311720,   12.819,
        44.3500,  -2.307613,   12.818,
        44.4000,  -2.303596,   12.827,
        44.4500,  -2.299346,   12.846,
        44.5000,  -2.295184,   12.862,
        44.5500,  -2.291057,   12.878,
        44.6000,  -2.286866,   12.896,
        44.6500,  -2.282672,   12.910,
        44.7000,  -2.278560,   12.925,
        44.7500,  -2.274428,   12.941,
        44.8000,  -2.270210,   12.955,
        44.8500,  -2.265811,   12.956,
        44.9000,  -2.261749,   12.957,
        44.9500,  -2.257606,   12.961,
        45.0000,  -2.253465,   12.966,
        45.0500,  -2.249202,   12.964,
        45.1000,  -2.245184,   12.978,
        45.1500,  -2.240978,   12.997,
        45.2000,  -2.236867,   13.014,
        45.2500,  -2.232664,   13.031,
        45.3000,  -2.228579,   13.048,
        45.3500,  -2.224376,   13.064,
        45.4000,  -2.220163,   13.079,
        45.4500,  -2.215979,   13.091,
        45.5000,  -2.211873,   13.104,
        45.5500,  -2.207815,   13.120,
        45.6000,  -2.203684,   13.139,
        45.6500,  -2.199579,   13.163,
        45.7000,  -2.195396,   13.185,
        45.7500,  -2.191103,   13.211,
        45.8000,  -2.186945,   13.237,
        45.8500,  -2.182761,   13.260,
        45.9000,  -2.178643,   13.284,
        45.9500,  -2.174506,   13.310,
        46.0000,  -2.170348,   13.335,
        46.0500,  -2.166134,   13.360,
        46.1000,  -2.162022,   13.382,
        46.1500,  -2.157893,   13.407,
        46.2000,  -2.153727,   13.434,
        46.2500,  -2.149591,   13.461,
        46.3000,  -2.145266,   13.478,
        46.3500,  -2.141158,   13.495,
        46.4000,  -2.136961,   13.522,
        46.4500,  -2.132767,   13.545,
        46.5000,  -2.128469,   13.564,
        46.5500,  -2.124346,   13.579,
        46.6000,  -2.120251,   13.599,
        46.6500,  -2.116122,   13.622,
        46.7000,  -2.111945,   13.644,
        46.7500,  -2.107838,   13.665,
        46.8000,  -2.103720,   13.688,
        46.8500,  -2.099598,   13.717,
        46.9000,  -2.095440,   13.744,
        46.9500,  -2.091307,   13.769,
        47.0000,  -2.087077,   13.799,
        47.0500,  -2.082819,   13.829,
        47.1000,  -2.078667,   13.857,
        47.1500,  -2.074509,   13.885,
        47.2000,  -2.070388,   13.914,
        47.2500,  -2.066085,   13.940,
        47.3000,  -2.061996,   13.963,
        47.3500,  -2.057903,   13.990,
        47.4000,  -2.053728,   14.017,
        47.4500,  -2.049537,   14.042,
        47.5000,  -2.045399,   14.068,
        47.5500,  -2.041066,   14.084,
        47.6000,  -2.036730,   14.083,
        47.6500,  -2.032763,   14.098,
        47.7000,  -2.028510,   14.117,
        47.7500,  -2.024357,   14.139,
        47.8000,  -2.020243,   14.161,
        47.8500,  -2.016083,   14.181,
        47.9000,  -2.011883,   14.200,
        47.9500,  -2.007541,   14.207,
        48.0000,  -2.003495,   14.218,
        48.0500,  -1.999430,   14.236,
        48.1000,  -1.995222,   14.250,
        48.1500,  -1.990917,   14.257,
        48.2000,  -1.986863,   14.266,
        48.2500,  -1.982762,   14.281,
        48.3000,  -1.978532,   14.293,
        48.3500,  -1.974311,   14.309,
        48.4000,  -1.969959,   14.316,
        48.4500,  -1.965699,   14.312,
        48.5000,  -1.961590,   14.310,
        48.5500,  -1.957504,   14.316,
        48.6000,  -1.953487,   14.324,
        48.6500,  -1.949391,   14.340,
        48.7000,  -1.945141,   14.354,
        48.7500,  -1.940891,   14.355,
        48.8000,  -1.936658,   14.356,
        48.8500,  -1.932572,   14.355,
        48.9000,  -1.928491,   14.361,
        48.9500,  -1.924321,   14.368,
        49.0000,  -1.919987,   14.377,
        49.0500,  -1.915843,   14.384,
        49.1000,  -1.911751,   14.393,
        49.1500,  -1.907576,   14.404,
        49.2000,  -1.903455,   14.415,
        49.2500,  -1.899168,   14.421,
        49.3000,  -1.894837,   14.412,
        49.3500,  -1.890801,   14.409,
        49.4000,  -1.886815,   14.417,
        49.4500,  -1.882699,   14.427,
        49.5000,  -1.878549,   14.437,
        49.5500,  -1.874488,   14.451,
        49.6000,  -1.870289,   14.467,
        49.6500,  -1.865969,   14.486,
        49.7000,  -1.861695,   14.495,
        49.7500,  -1.857583,   14.506,
        49.8000,  -1.853444,   14.520,
        49.8500,  -1.849311,   14.533,
        49.9000,  -1.845165,   14.547,
        49.9500,  -1.840988,   14.558,
        50.0000,  -1.836871,   14.571,
        50.0500,  -1.832798,   14.589,
        50.1000,  -1.828636,   14.608,
        50.1500,  -1.824488,   14.627,
        50.2000,  -1.820326,   14.646,
        50.2500,  -1.816201,   14.663,
        50.3000,  -1.811856,   14.688,
        50.3500,  -1.807691,   14.703,
        50.4000,  -1.803452,   14.719,
        50.4500,  -1.799150,   14.728,
        50.5000,  -1.794843,   14.723,
        50.5500,  -1.790636,   14.716,
        50.6000,  -1.786557,   14.714,
        50.6500,  -1.782499,   14.712,
        50.7000,  -1.778378,   14.716,
        50.7500,  -1.774257,   14.721,
        50.8000,  -1.770133,   14.726,
        50.8500,  -1.766007,   14.735,
        50.9000,  -1.761910,   14.748,
        50.9500,  -1.757593,   14.760,
        51.0000,  -1.753447,   14.772,
        51.0500,  -1.749258,   14.787,
        51.1000,  -1.745167,   14.800,
        51.1500,  -1.740861,   14.808,
        51.2000,  -1.736755,   14.815,
        51.2500,  -1.732340,   14.814,
        51.3000,  -1.728288,   14.808,
        51.3500,  -1.724285,   14.815,
        51.4000,  -1.720117,   14.823,
        51.4500,  -1.715998,   14.831,
        51.5000,  -1.711873,   14.840,
        51.5500,  -1.707663,   14.850,
        51.6000,  -1.703457,   14.861,
        51.6500,  -1.699205,   14.873,
        51.7000,  -1.695025,   14.881,
        51.7500,  -1.690859,   14.890,
        51.8000,  -1.686782,   14.902,
        51.8500,  -1.682662,   14.916,
        51.9000,  -1.678494,   14.930,
        51.9500,  -1.674364,   14.945,
        52.0000,  -1.670070,   14.955,
        52.0500,  -1.665984,   14.961,
        52.1000,  -1.661889,   14.975,
        52.1500,  -1.657741,   14.989,
        52.2000,  -1.653592,   15.004,
        52.2500,  -1.649373,   15.021,
        52.3000,  -1.645188,   15.042,
        52.3500,  -1.640880,   15.058,
        52.4000,  -1.636741,   15.067,
        52.4500,  -1.632521,   15.076,
        52.5000,  -1.628208,   15.073,
        52.5500,  -1.624237,   15.079,
        52.6000,  -1.620085,   15.090,
        52.6500,  -1.615953,   15.100,
        52.7000,  -1.611785,   15.108,
        52.7500,  -1.607686,   15.123,
        52.8000,  -1.603509,   15.135,
        52.8500,  -1.599333,   15.144,
        52.9000,  -1.595119,   15.154,
        52.9500,  -1.590850,   15.165,
        53.0000,  -1.586734,   15.177,
        53.0500,  -1.582502,   15.186,
        53.1000,  -1.578341,   15.194,
        53.1500,  -1.574250,   15.205,
        53.2000,  -1.570079,   15.216,
        53.2500,  -1.565860,   15.221,
        53.3000,  -1.561667,   15.226,
        53.3500,  -1.557599,   15.234,
        53.4000,  -1.553469,   15.243,
        53.4500,  -1.549321,   15.251,
        53.5000,  -1.545036,   15.259,
        53.5500,  -1.540835,   15.257,
        53.6000,  -1.536520,   15.261,
        53.6500,  -1.532374,   15.262,
        53.7000,  -1.528407,   15.256,
        53.7500,  -1.523843,   15.269,
        53.8000,  -1.519784,   15.266,
        53.8500,  -1.515874,   15.266,
        53.9000,  -1.511691,   15.270,
        53.9500,  -1.507523,   15.275,
        54.0000,  -1.503218,   15.276,
        54.0500,  -1.499078,   15.271,
        54.1000,  -1.495095,   15.277,
        54.1500,  -1.490971,   15.284,
        54.2000,  -1.486723,   15.292,
        54.2500,  -1.482377,   15.295,
        54.3000,  -1.478222,   15.300,
        54.3500,  -1.474072,   15.304,
        54.4000,  -1.469862,   15.304,
        54.4500,  -1.465603,   15.296,
        54.5000,  -1.461530,   15.292,
        54.5500,  -1.457468,   15.292,
        54.6000,  -1.453274,   15.294,
        54.6500,  -1.449109,   15.295,
        54.7000,  -1.444931,   15.298,
        54.7500,  -1.440828,   15.298,
        54.8000,  -1.436516,   15.293,
        54.8500,  -1.432239,   15.277,
        54.9000,  -1.427915,   15.261,
        54.9500,  -1.423712,   15.245,
        55.0000,  -1.419562,   15.226,
        55.0500,  -1.415422,   15.210,
        55.1000,  -1.411265,   15.194,
        55.1500,  -1.407094,   15.174,
        55.2000,  -1.403027,   15.157,
        55.2500,  -1.398968,   15.148,
        55.3000,  -1.394803,   15.141,
        55.3500,  -1.390727,   15.133,
        55.4000,  -1.386607,   15.129,
        55.4500,  -1.382431,   15.124,
        55.5000,  -1.378260,   15.119,
        55.5500,  -1.373717,   15.105,
        55.6000,  -1.369227,   15.069,
        55.6500,  -1.365066,   15.028,
        55.7000,  -1.360810,   14.985,
        55.7500,  -1.356726,   14.942,
        55.8000,  -1.352567,   14.896,
        55.8500,  -1.348179,   14.841,
        55.9000,  -1.343572,   14.760,
        55.9500,  -1.339721,   14.681,
        56.0000,  -1.335781,   14.624,
        56.0500,  -1.331710,   14.573,
        56.1000,  -1.327593,   14.525,
        56.1500,  -1.322913,   14.453,
        56.2000,  -1.318832,   14.379,
        56.2500,  -1.314757,   14.320,
        56.3000,  -1.310608,   14.259,
        56.3500,  -1.306669,   14.207,
        56.4000,  -1.302589,   14.167,
        56.4500,  -1.298552,   14.134,
        56.5000,  -1.294253,   14.090,
        56.5500,  -1.290128,   14.048,
        56.6000,  -1.286070,   14.012,
        56.6500,  -1.282035,   13.980,
        56.7000,  -1.277889,   13.951,
        56.7500,  -1.273742,   13.923,
        56.8000,  -1.269471,   13.890,
        56.8500,  -1.263218,   13.764,
        56.9000,  -1.258310,   13.564,
        56.9500,  -1.254123,   13.357,
        57.0000,  -1.250562,   13.180,
        57.0500,  -1.247101,   13.045,
        57.1000,  -1.243333,   12.938,
        57.1500,  -1.239383,   12.842,
        57.2000,  -1.235127,   12.744,
        57.2500,  -1.230804,   12.637,
        57.3000,  -1.226781,   12.533,
        57.3500,  -1.222742,   12.438,
        57.4000,  -1.218725,   12.352,
        57.4500,  -1.214697,   12.274,
        57.5000,  -1.210506,   12.205,
        57.5500,  -1.206362,   12.140,
        57.6000,  -1.202402,   12.083,
        57.6500,  -1.198242,   12.032,
        57.7000,  -1.194153,   11.984,
        57.7500,  -1.190223,   11.945,
        57.8000,  -1.186154,   11.915,
        57.8500,  -1.182059,   11.889,
        57.9000,  -1.177932,   11.863,
        57.9500,  -1.173827,   11.842,
        58.0000,  -1.169699,   11.823,
        58.0500,  -1.165564,   11.806,
        58.1000,  -1.161462,   11.787,
        58.1500,  -1.157197,   11.776,
        58.2000,  -1.152985,   11.764,
        58.2500,  -1.148805,   11.751,
        58.3000,  -1.144709,   11.739,
        58.3500,  -1.140579,   11.729,
        58.4000,  -1.136424,   11.720,
        58.4500,  -1.132227,   11.708,
        58.5000,  -1.128078,   11.695,
        58.5500,  -1.123996,   11.685,
        58.6000,  -1.119821,   11.678,
        58.6500,  -1.115604,   11.665,
        58.7000,  -1.111451,   11.651,
        58.7500,  -1.107249,   11.634,
        58.8000,  -1.102905,   11.613,
        58.8500,  -1.098784,   11.596,
        58.9000,  -1.094682,   11.583,
        58.9500,  -1.090533,   11.571,
        59.0000,  -1.086321,   11.557,
        59.0500,  -1.082214,   11.543,
        59.1000,  -1.078069,   11.530,
        59.1500,  -1.073912,   11.518,
        59.2000,  -1.069701,   11.505,
        59.2500,  -1.065588,   11.489,
        59.3000,  -1.061443,   11.475,
        59.3500,  -1.057278,   11.462,
        59.4000,  -1.053132,   11.448,
        59.4500,  -1.048864,   11.435,
        59.5000,  -1.044301,   11.411,
        59.5500,  -1.040206,   11.373,
        59.6000,  -1.036239,   11.354,
        59.6500,  -1.032154,   11.337,
        59.7000,  -1.028016,   11.324,
        59.7500,  -1.023867,   11.308,
        59.8000,  -1.019693,   11.293,
        59.8500,  -1.015562,   11.279,
        59.9000,  -1.011441,   11.266,
        59.9500,  -1.007299,   11.255,
        60.0000,  -1.003109,   11.243,
        60.0500,  -0.998938,   11.228,
        60.1000,  -0.994563,   11.212,
        60.1500,  -0.990321,   11.190,
        60.2000,  -0.986144,   11.167,
        60.2500,  -0.982016,   11.144,
        60.3000,  -0.977891,   11.123,
        60.3500,  -0.973711,   11.103,
        60.4000,  -0.969248,   11.068,
        60.4500,  -0.964591,   10.998,
        60.5000,  -0.959462,   10.869,
        60.5500,  -0.955706,   10.749,
        60.6000,  -0.951793,   10.645,
        60.6500,  -0.947986,   10.563,
        60.7000,  -0.943816,   10.487,
        60.7500,  -0.939455,   10.409,
        60.8000,  -0.935402,   10.335,
        60.8500,  -0.931325,   10.268,
        60.9000,  -0.927249,   10.205,
        60.9500,  -0.923192,   10.148,
        61.0000,  -0.919025,   10.094,
        61.0500,  -0.914856,   10.031,
        61.1000,  -0.910926,    9.987,
        61.1500,  -0.906901,    9.949,
        61.2000,  -0.902768,    9.915,
        61.2500,  -0.898649,    9.885,
        61.3000,  -0.894543,    9.855,
        61.3500,  -0.890406,    9.829,
        61.4000,  -0.886119,    9.806,
        61.4500,  -0.881965,    9.782,
        61.5000,  -0.877848,    9.762,
        61.5500,  -0.873758,    9.742,
        61.6000,  -0.869653,    9.726,
        61.6500,  -0.865508,    9.712,
        61.7000,  -0.861382,    9.699,
        61.7500,  -0.857232,    9.686,
        61.8000,  -0.853129,    9.677,
        61.8500,  -0.849004,    9.670,
        61.9000,  -0.844890,    9.663,
        61.9500,  -0.840718,    9.658,
        62.0000,  -0.836522,    9.653,
        62.0500,  -0.832325,    9.651,
        62.1000,  -0.828125,    9.650,
        62.1500,  -0.823980,    9.650,
        62.2000,  -0.819768,    9.643,
        62.2500,  -0.815587,    9.636,
        62.3000,  -0.811425,    9.628,
        62.3500,  -0.807236,    9.617,
        62.4000,  -0.803079,    9.606,
        62.4500,  -0.798942,    9.596,
        62.5000,  -0.794827,    9.585,
        62.5500,  -0.790664,    9.577,
        62.6000,  -0.786483,    9.568,
        62.6500,  -0.782300,    9.559,
        62.7000,  -0.777914,    9.547,
        62.7500,  -0.773704,    9.529,
        62.8000,  -0.769595,    9.512,
        62.8500,  -0.765528,    9.499,
        62.9000,  -0.761359,    9.490,
        62.9500,  -0.757272,    9.479,
        63.0000,  -0.753132,    9.471,
        63.0500,  -0.748915,    9.461,
        63.1000,  -0.744825,    9.453,
        63.1500,  -0.740642,    9.443,
        63.2000,  -0.736499,    9.434,
        63.2500,  -0.732363,    9.426,
        63.3000,  -0.727946,    9.415,
        63.3500,  -0.723568,    9.387,
        63.4000,  -0.719626,    9.371,
        63.4500,  -0.715524,    9.360,
        63.5000,  -0.711383,    9.350,
        63.5500,  -0.707227,    9.339,
        63.6000,  -0.703099,    9.330,
        63.6500,  -0.698985,    9.322,
        63.7000,  -0.694798,    9.314,
        63.7500,  -0.690621,    9.302,
        63.8000,  -0.686466,    9.289,
        63.8500,  -0.682248,    9.276,
        63.9000,  -0.678130,    9.262,
        63.9500,  -0.673845,    9.253,
        64.0000,  -0.669629,    9.239,
        64.0500,  -0.665512,    9.227,
        64.1000,  -0.661357,    9.216,
        64.1500,  -0.657212,    9.204,
        64.2000,  -0.653014,    9.190,
        64.2500,  -0.648656,    9.162,
        64.3000,  -0.644673,    9.143,
        64.3500,  -0.640532,    9.127,
        64.4000,  -0.636420,    9.110,
        64.4500,  -0.632229,    9.096,
        64.5000,  -0.628083,    9.077,
        64.5500,  -0.623795,    9.062,
        64.6000,  -0.619584,    9.047,
        64.6500,  -0.615417,    9.029,
        64.7000,  -0.611249,    9.010,
        64.7500,  -0.607121,    8.992,
        64.8000,  -0.602972,    8.974,
        64.8500,  -0.598800,    8.956,
        64.9000,  -0.594629,    8.936,
        64.9500,  -0.590454,    8.916,
        65.0000,  -0.585993,    8.882,
        65.0500,  -0.580598,    8.768,
        65.1000,  -0.577400,    8.694,
        65.1500,  -0.573132,    8.632,
        65.2000,  -0.568874,    8.568,
        65.2500,  -0.564685,    8.502,
        65.3000,  -0.559985,    8.412,
        65.3500,  -0.555568,    8.300,
        65.4000,  -0.551996,    8.203,
        65.4500,  -0.548440,    8.156,
        65.5000,  -0.544329,    8.117,
        65.5500,  -0.540203,    8.078,
        65.6000,  -0.536054,    8.041,
        65.6500,  -0.532025,    8.009,
        65.7000,  -0.527955,    7.982,
        65.7500,  -0.523786,    7.959,
        65.8000,  -0.519553,    7.935,
        65.8500,  -0.515313,    7.912,
        65.9000,  -0.511202,    7.891,
        65.9500,  -0.507016,    7.867,
        66.0000,  -0.502902,    7.846,
        66.0500,  -0.498749,    7.827,
        66.1000,  -0.494226,    7.789,
        66.1500,  -0.490112,    7.743,
        66.2000,  -0.485815,    7.697,
        66.2500,  -0.481344,    7.619,
        66.3000,  -0.477809,    7.580,
        66.3500,  -0.473727,    7.551,
        66.4000,  -0.469601,    7.526,
        66.4500,  -0.465388,    7.506,
        66.5000,  -0.461192,    7.486,
        66.5500,  -0.457024,    7.463,
        66.6000,  -0.452945,    7.444,
        66.6500,  -0.448795,    7.427,
        66.7000,  -0.444651,    7.411,
        66.7500,  -0.440332,    7.388,
        66.8000,  -0.436100,    7.354,
        66.8500,  -0.431960,    7.323,
        66.9000,  -0.427802,    7.290,
        66.9500,  -0.423789,    7.263,
        67.0000,  -0.419633,    7.242,
        67.0500,  -0.415446,    7.224,
        67.1000,  -0.411263,    7.209,
        67.1500,  -0.407161,    7.194,
        67.2000,  -0.402995,    7.181,
        67.2500,  -0.398804,    7.165,
        67.3000,  -0.394668,    7.149,
        67.3500,  -0.390477,    7.133,
        67.4000,  -0.386230,    7.110,
        67.4500,  -0.382019,    7.083,
        67.5000,  -0.377930,    7.060,
        67.5500,  -0.373879,    7.041,
        67.6000,  -0.369706,    7.023,
        67.6500,  -0.365427,    7.004,
        67.7000,  -0.361093,    6.981,
        67.7500,  -0.356990,    6.956,
        67.8000,  -0.352774,    6.930,
        67.8500,  -0.348581,    6.904,
        67.9000,  -0.344443,    6.873,
        67.9500,  -0.340385,    6.849,
        68.0000,  -0.336280,    6.827,
        68.0500,  -0.332126,    6.808,
        68.1000,  -0.328031,    6.789,
        68.1500,  -0.323920,    6.774,
        68.2000,  -0.319703,    6.760,
        68.2500,  -0.315526,    6.744,
        68.3000,  -0.311226,    6.730,
        68.3500,  -0.307051,    6.713,
        68.4000,  -0.302945,    6.697,
        68.4500,  -0.298790,    6.682,
        68.5000,  -0.294605,    6.665,
        68.5500,  -0.290421,    6.648,
        68.6000,  -0.286319,    6.630,
        68.6500,  -0.282126,    6.610,
        68.7000,  -0.277962,    6.592,
        68.7500,  -0.273642,    6.564,
        68.8000,  -0.268687,    6.500,
        68.8500,  -0.262439,    6.297,
        68.9000,  -0.260749,    6.219,
        68.9500,  -0.256798,    6.180,
        69.0000,  -0.252608,    6.143,
        69.0500,  -0.248455,    6.106,
        69.1000,  -0.244322,    6.068,
        69.1500,  -0.240163,    6.031,
        69.2000,  -0.235706,    5.980,
        69.2500,  -0.231602,    5.923,
        69.3000,  -0.227657,    5.880,
        69.3500,  -0.222991,    5.812,
        69.4000,  -0.219122,    5.753,
        69.4500,  -0.215075,    5.703,
        69.5000,  -0.210811,    5.657,
        69.5500,  -0.206629,    5.613,
        69.6000,  -0.202556,    5.572,
        69.6500,  -0.198443,    5.533,
        69.7000,  -0.194298,    5.495,
        69.7500,  -0.190197,    5.459,
        69.8000,  -0.186058,    5.425,
        69.8500,  -0.181952,    5.395,
        69.9000,  -0.177830,    5.366,
        69.9500,  -0.173738,    5.339,
        70.0000,  -0.169604,    5.315,
        70.0500,  -0.165487,    5.293,
        70.1000,  -0.161154,    5.272,
        70.1500,  -0.156971,    5.250,
        70.2000,  -0.152864,    5.230,
        70.2500,  -0.148728,    5.210,
        70.3000,  -0.144627,    5.193,
        70.3500,  -0.140494,    5.180,
        70.4000,  -0.136367,    5.166,
        70.4500,  -0.132225,    5.154,
        70.5000,  -0.128100,    5.141,
        70.5500,  -0.123927,    5.130,
        70.6000,  -0.119805,    5.119,
        70.6500,  -0.115694,    5.109,
        70.7000,  -0.111346,    5.102,
        70.7500,  -0.107162,    5.093,
        70.8000,  -0.103044,    5.083,
        70.8500,  -0.098870,    5.075,
        70.9000,  -0.094739,    5.066,
        70.9500,  -0.090617,    5.058,
        71.0000,  -0.086426,    5.049,
        71.0500,  -0.082313,    5.041,
        71.1000,  -0.078147,    5.032,
        71.1500,  -0.074018,    5.024,
        71.2000,  -0.069874,    5.018,
        71.2500,  -0.065711,    5.012,
        71.3000,  -0.061432,    5.006,
        71.3500,  -0.057191,    4.999,
        71.4000,  -0.053083,    4.991,
        71.4500,  -0.048927,    4.984,
        71.5000,  -0.044746,    4.976,
        71.5500,  -0.040602,    4.967,
        71.6000,  -0.036438,    4.957,
        71.6500,  -0.032301,    4.949,
        71.7000,  -0.028159,    4.940,
        71.7500,  -0.023975,    4.930,
        71.8000,  -0.019849,    4.921,
        71.8500,  -0.015655,    4.911,
        71.9000,  -0.011382,    4.902,
        71.9500,  -0.007161,    4.892,
        72.0000,  -0.003040,    4.881,
        72.0500,   0.001168,    4.871,
        72.1000,   0.005476,    4.862,
        72.1500,   0.009622,    4.851,
        72.2000,   0.013770,    4.839,
        72.2500,   0.017933,    4.829,
        72.3000,   0.022069,    4.818,
        72.3500,   0.026210,    4.806,
        72.4000,   0.030393,    4.795,
        72.4500,   0.034570,    4.783,
        72.5000,   0.038879,    4.772,
        72.5500,   0.043078,    4.759,
        72.6000,   0.047190,    4.745,
        72.6500,   0.051348,    4.734,
        72.7000,   0.055481,    4.722,
        72.7500,   0.059629,    4.709,
        72.8000,   0.063765,    4.697,
        72.8500,   0.067917,    4.686,
        72.9000,   0.072077,    4.673,
        72.9500,   0.076212,    4.661,
        73.0000,   0.080400,    4.650,
        73.0500,   0.084600,    4.638,
        73.1000,   0.088860,    4.628,
        73.1500,   0.093099,    4.614,
        73.2000,   0.097193,    4.599,
        73.2500,   0.101366,    4.585,
        73.3000,   0.105545,    4.568,
        73.3500,   0.109683,    4.553,
        73.4000,   0.113848,    4.536,
        73.4500,   0.117993,    4.519,
        73.5000,   0.122152,    4.502,
        73.5500,   0.126354,    4.482,
        73.6000,   0.130456,    4.464,
        73.6500,   0.134791,    4.446,
        73.7000,   0.139079,    4.422,
        73.7500,   0.143264,    4.394,
        73.8000,   0.147526,    4.360,
        73.8500,   0.151878,    4.314,
        73.9000,   0.155960,    4.266,
        73.9500,   0.160126,    4.222,
        74.0000,   0.164273,    4.173,
        74.0500,   0.177804,    3.791,
        74.1000,   0.181702,    2.967,
        74.1500,   0.176342,    2.918,
        74.2000,   0.180786,    2.870,
        74.2500,   0.184815,    2.835,
        74.3000,   0.188926,    2.807,
        74.3500,   0.193068,    2.780,
        74.4000,   0.197184,    2.755,
        74.4500,   0.201354,    2.731,
        74.5000,   0.205485,    2.709,
        74.5500,   0.209607,    2.690,
        74.6000,   0.213801,    2.671,
        74.6500,   0.217965,    2.654,
        74.7000,   0.222101,    2.639,
        74.7500,   0.226225,    2.625,
        74.8000,   0.230474,    2.615,
        74.8500,   0.234722,    2.603,
        74.9000,   0.238889,    2.589,
        74.9500,   0.243007,    2.577,
        75.0000,   0.247144,    2.567,
        75.0500,   0.251296,    2.558,
        75.1000,   0.255411,    2.547,
        75.1500,   0.259589,    2.539,
        75.2000,   0.263685,    2.531,
        75.2500,   0.267878,    2.523,
        75.3000,   0.272003,    2.515,
        75.3500,   0.276157,    2.507,
        75.4000,   0.280464,    2.502,
        75.4500,   0.284609,    2.497,
        75.5000,   0.288757,    2.491,
        75.5500,   0.292911,    2.486,
        75.6000,   0.297043,    2.480,
        75.6500,   0.301211,    2.476,
        75.7000,   0.305341,    2.472,
        75.7500,   0.309551,    2.467,
        75.8000,   0.313621,    2.462,
        75.8500,   0.317787,    2.459,
        75.9000,   0.321936,    2.455,
        75.9500,   0.326211,    2.451,
        76.0000,   0.330422,    2.448,
        76.0500,   0.334586,    2.445,
        76.1000,   0.338744,    2.441,
        76.1500,   0.342881,    2.437,
        76.2000,   0.347042,    2.434,
        76.2500,   0.351177,    2.431,
        76.3000,   0.355324,    2.428,
        76.3500,   0.359502,    2.423,
        76.4000,   0.363686,    2.416,
        76.4500,   0.367881,    2.407,
        76.5000,   0.372025,    2.398,
        76.5500,   0.376416,    2.390,
        76.6000,   0.380534,    2.377,
        76.6500,   0.384588,    2.373,
        76.7000,   0.388749,    2.369,
        76.7500,   0.392889,    2.364,
        76.8000,   0.397042,    2.357,
        76.8500,   0.401180,    2.354,
        76.9000,   0.405320,    2.350,
        76.9500,   0.409473,    2.347,
        77.0000,   0.413628,    2.344,
        77.0500,   0.417802,    2.340,
        77.1000,   0.422100,    2.336,
        77.1500,   0.426306,    2.330,
        77.2000,   0.430993,    2.300,
        77.2500,   0.434695,    2.276,
        77.3000,   0.438773,    2.271,
        77.3500,   0.442893,    2.263,
        77.4000,   0.447040,    2.257,
        77.4500,   0.451240,    2.251,
        77.5000,   0.455359,    2.243,
        77.5500,   0.459530,    2.236,
        77.6000,   0.463612,    2.230,
        77.6500,   0.467921,    2.224,
        77.7000,   0.472218,    2.215,
        77.7500,   0.476370,    2.202,
        77.8000,   0.480446,    2.194,
        77.8500,   0.484583,    2.188,
        77.9000,   0.488723,    2.182,
        77.9500,   0.492907,    2.176,
        78.0000,   0.496995,    2.173,
        78.0500,   0.501150,    2.167,
        78.1000,   0.505333,    2.162,
        78.1500,   0.509497,    2.154,
        78.2000,   0.513709,    2.149,
        78.2500,   0.517986,    2.144,
        78.3000,   0.522064,    2.138,
        78.3500,   0.526261,    2.134,
        78.4000,   0.530384,    2.129,
        78.4500,   0.534524,    2.123,
        78.5000,   0.538707,    2.119,
        78.5500,   0.542809,    2.115,
        78.6000,   0.546965,    2.111,
        78.6500,   0.551125,    2.107,
        78.7000,   0.555290,    2.103,
        78.7500,   0.559457,    2.099,
        78.8000,   0.563768,    2.095,
        78.8500,   0.567884,    2.091,
        78.9000,   0.572038,    2.089,
        78.9500,   0.576206,    2.087,
        79.0000,   0.580352,    2.083,
        79.0500,   0.584496,    2.081,
        79.1000,   0.588638,    2.078,
        79.1500,   0.592821,    2.075,
        79.2000,   0.596951,    2.070,
        79.2500,   0.601470,    2.043,
        79.3000,   0.605264,    2.035,
        79.3500,   0.609609,    2.032,
        79.4000,   0.613726,    2.028,
        79.4500,   0.617846,    2.025,
        79.5000,   0.622014,    2.022,
        79.5500,   0.626167,    2.020,
        79.6000,   0.630338,    2.017,
        79.6500,   0.634480,    2.013,
        79.7000,   0.638644,    2.009,
        79.7500,   0.642845,    2.001,
        79.8000,   0.646943,    1.996,
        79.8500,   0.651135,    1.990,
        79.9000,   0.655416,    1.984,
        79.9500,   0.659593,    1.979,
        80.0000,   0.663756,    1.972,
        80.0500,   0.667906,    1.965,
        80.1000,   0.672023,    1.959,
        80.1500,   0.676203,    1.955,
        80.2000,   0.680315,    1.949,
        80.2500,   0.684485,    1.944,
        80.3000,   0.688611,    1.940,
        80.3500,   0.692736,    1.936,
        80.4000,   0.696961,    1.932,
        80.4500,   0.701233,    1.928,
        80.5000,   0.705425,    1.924,
        80.5500,   0.709584,    1.917,
        80.6000,   0.713730,    1.911,
        80.6500,   0.717932,    1.904,
        80.7000,   0.722022,    1.896,
        80.7500,   0.726209,    1.888,
        80.8000,   0.730344,    1.881,
        80.8500,   0.734487,    1.874,
        80.9000,   0.738625,    1.867,
        80.9500,   0.742798,    1.860,
        81.0000,   0.747109,    1.854,
        81.0500,   0.751275,    1.848,
        81.1000,   0.755395,    1.842,
        81.1500,   0.759585,    1.835,
        81.2000,   0.763726,    1.829,
        81.2500,   0.767855,    1.823,
        81.3000,   0.771976,    1.818,
        81.3500,   0.776181,    1.812,
        81.4000,   0.780824,    1.783,
        81.4500,   0.784575,    1.762,
        81.5000,   0.788670,    1.754,
        81.5500,   0.793000,    1.745,
        81.6000,   0.797206,    1.732,
        81.6500,   0.801320,    1.722,
        81.7000,   0.805435,    1.713,
        81.7500,   0.809601,    1.704,
        81.8000,   0.814381,    1.671,
        81.8500,   0.818723,    1.592,
        81.9000,   0.822122,    1.571,
        81.9500,   0.826191,    1.560,
        82.0000,   0.830301,    1.554,
        82.0500,   0.834448,    1.549,
        82.1000,   0.838768,    1.545,
        82.1500,   0.842886,    1.541,
        82.2000,   0.847083,    1.537,
        82.2500,   0.851187,    1.534,
        82.3000,   0.855328,    1.530,
        82.3500,   0.859502,    1.528,
        82.4000,   0.863628,    1.524,
        82.4500,   0.867747,    1.522,
        82.5000,   0.871953,    1.520,
        82.5500,   0.876074,    1.517,
        82.6000,   0.880312,    1.515,
        82.6500,   0.884562,    1.513,
        82.7000,   0.888725,    1.509,
        82.7500,   0.892884,    1.507,
        82.8000,   0.897004,    1.504,
        82.8500,   0.901167,    1.501,
        82.9000,   0.905333,    1.497,
        82.9500,   0.909436,    1.495,
        83.0000,   0.913597,    1.493,
        83.0500,   0.917737,    1.491,
        83.1000,   0.921901,    1.488,
        83.1500,   0.926170,    1.488,
        83.2000,   0.930424,    1.486,
        83.2500,   0.934535,    1.482,
        83.3000,   0.938737,    1.480,
        83.3500,   0.942849,    1.476,
        83.4000,   0.946999,    1.474,
        83.4500,   0.951175,    1.471,
        83.5000,   0.955275,    1.467,
        83.5500,   0.959436,    1.465,
        83.6000,   0.963613,    1.462,
        83.6500,   0.967763,    1.459,
        83.7000,   0.972084,    1.456,
        83.7500,   0.976309,    1.451,
        83.8000,   0.980482,    1.442,
        83.8500,   0.984484,    1.434,
        83.9000,   0.988755,    1.430,
        83.9500,   0.992792,    1.424,
        84.0000,   0.996960,    1.419,
        84.0500,   1.001158,    1.415,
        84.1000,   1.005282,    1.409,
        84.1500,   1.009478,    1.404,
        84.2000,   1.013671,    1.398,
        84.2500,   1.017955,    1.394,
        84.3000,   1.022166,    1.388,
        84.3500,   1.026216,    1.382,
        84.4000,   1.030435,    1.377,
        84.4500,   1.034578,    1.371,
        84.5000,   1.038706,    1.367,
        84.5500,   1.042823,    1.362,
        84.6000,   1.046992,    1.358,
        84.6500,   1.051158,    1.352,
        84.7000,   1.055240,    1.347,
        84.7500,   1.059594,    1.343,
        84.8000,   1.063768,    1.337,
        84.8500,   1.067910,    1.333,
        84.9000,   1.072065,    1.328,
        84.9500,   1.076228,    1.324,
        85.0000,   1.080344,    1.319,
        85.0500,   1.084024,    1.312,
        85.1000,   1.084690,    1.294,
        85.1500,   1.084567,    1.275,
        85.2000,   1.084564,    1.259,
